ID_Venta;Fecha;ID_Cliente;ID_Producto;Unidades;Precio_Unitario;Descuento;Costo_Unitario;Canal;Estado
V00591;09/12/2023;C0046;P0014;29;12433.88;0;7133.98;SUCURSAL;Confirmada
V00064;13/07/2025;C0026;P0015;37;103362.73;0;52751.77;Sucursal;Confirmada
V01151;09/07/2024;C0036;P0010;26;25150.60;0;15802.18;Mayorista;Confirmada
V00710;07/05/2025;C0050;P0015;16;99957.08;0.15;52751.77;Mayorista;Confirmada
V00081;05/01/2025;C0008;P0025;33;78649.90;0.05;39839.56;Sucursal;Confirmada
V00030;02/07/2023;C0012;P0030;34;136995.97;0;79943.46;online;Confirmada
V01136;31/07/2025;C0044;P0007;8;25833.21;0.05;18589.68;Sucursal;Confirmada
V00442;10/11/2024;C0005;P0038;16;54262.09;0.05;30948.72;Mayorista;Confirmada
V00426;18/08/2025;C0046;P0002;24;n/d;0;45022.51;Mayorista;Confirmada
V00748;24/03/2023;C0022;P0019;14;42806.05;0;24035.97;SUCURSAL;Confirmada
V00583;11/11/2024;C0038;P0017;20;35623.85;0.1;21329.37;SUCURSAL;Confirmada
V00317;28/11/2025;C0032;P0005;28;139524.84;0;76381.11;online;Confirmada
V01078;05/02/2025;C0005;P0034;28;147164.93;0;73820.76;Mayorista;Confirmada
V00998;27/07/2024;C0045;P0031;3;152840.56;0;85075.28;online;Confirmada
V00354;13/12/2024;C0007;P0038;29;54715.04;0;30948.72;online;Confirmada
V00169;18/04/2023;;P0019;20;42551.72;0.1;24035.97;online;Confirmada
V00407;15/02/2023;C0053;P0036;4;15568.92;0.15;9624.01;SUCURSAL;Confirmada
V00497;16/05/2025;C0053;P0039;28;37135.92;0.1;20257.15;Mayorista;Anulada
V00996;31/08/2023;C0029;P0007;38;27221.38;0;18589.68;online;Confirmada
V00348;30/06/2025;C0056;P0013;14;35635.42;0.15;26313.27;Sucursal;Confirmada
V00327;26/06/2024;C0009;P0031;25;143460.94;0.15;85075.28;Online;Confirmada
V00114;07/11/2024;C0032;P0020;26;80446.30;0;45649.19;Online;Confirmada
V00595;17/02/2023;C0011;P0026;16;101615.24;0.1;75912.18;Mayorista;Confirmada
V00005;04/09/2023;C0049;P0039;22;33871.83;0.1;20257.15;SUCURSAL;Confirmada
V00039;14/02/2023;C0033;P0024;16;81678.72;0;54866.45;Online;Confirmada
V01177;24/10/2024;C0023;P0040;5;82060.10;0.15;59058.47;SUCURSAL;Confirmada
V00617;30/06/2024;C0031;P0002;32;77620.94;0;45022.51;Sucursal;Confirmada
V00234;08/08/2023;C0040;P0032;2;59894.90;0.15;41511.75;Mayorista;Confirmada
V00027;26/01/2024;C0034;P0039;27;35640.47;0;20257.15;SUCURSAL;Confirmada
V01156;13/01/2023;C0020;P0037;35;27025.20;0.15;20637.97;Mayorista;Confirmada
V01146;19/10/2025;C0015;P0005;10;145372.46;0;76381.11;online;Confirmada
V00149;10/03/2025;C0043;P0032;16;58101.01;0.05;41511.75;online;Confirmada
V00167;29/10/2024;;P0018;16;37266.26;0.15;27465.62;Mayorista;Confirmada
V01167;12/10/2025;C0011;P0002;17;82572.08;0.1;45022.51;Online;Confirmada
V00406;03/06/2025;C0025;P0007;25;28554.18;0.15;18589.68;Sucursal;Confirmada
V01024;16/06/2024;C0041;P0032;29;60830.11;0.05;41511.75;Mayorista;Confirmada
V00816;24/11/2023;C0036;P0025;4;73465.65;0.1;39839.56;SUCURSAL;Confirmada
V01074;12/01/2025;C0008;P0017;12;33099.49;0;21329.37;online;Confirmada
V00876;01/06/2024;C0023;P0037;6;27589.99;0;20637.97;Online;Confirmada
V00795;17/07/2024;C0045;P0015;9;105606.17;0;52751.77;online;Confirmada
V00107;24/01/2023;C0025;P0015;29;105600.28;0.05;52751.77;SUCURSAL;Confirmada
V00152;16/02/2023;C0032;P0013;2;39495.47;0;26313.27;Mayorista;Confirmada
V00882;08/06/2025;C0025;P0006;16;133948.70;0;82826.49;Mayorista;Confirmada
V00787;13/05/2024;C0050;P0021;19;52311.66;0.1;30386.28;Sucursal;Confirmada
V00846;05/08/2023;C0014;P0018;11;39762.64;0;27465.62;Sucursal;Confirmada
V00221;19/11/2023;C0019;P0038;27;54095.73;0.15;30948.72;Mayorista;Confirmada
V00088;11/01/2025;C0056;P0001;39;145634.67;0.05;88805.39;Sucursal;Confirmada
V00592;07/06/2025;C0006;P0002;11;83090.51;0;45022.51;online;Confirmada
V00525;23/04/2025;C0050;P0001;8;141332.41;0.1;88805.39;online;Confirmada
V00994;07/10/2024;C0035;P0013;20;38735.26;0.1;26313.27;Sucursal;Confirmada
V00342;21/02/2025;C0046;P0004;20;74381.84;0.15;45750.64;Online;Confirmada
V00085;14/08/2025;C0049;P0016;31;7425.51;0.1;5355.27;SUCURSAL;Confirmada
V00547;14/07/2024;C0054;P0015;10;97392.51;0;52751.77;Sucursal;Confirmada
V01062;25/10/2025;C0025;P0029;20;60753.90;0;35426.88;Sucursal;Confirmada
V00849;22/06/2025;C0038;P0031;5;134151.84;0;85075.28;Mayorista;Confirmada
V01092;19/01/2023;C0021;P0003;1;88227.98;0.15;59237.27;SUCURSAL;Confirmada
V00940;11/05/2024;C0033;P0009;11;39056.95;0;24765.50;Sucursal;Confirmada
V01090;17/07/2023;C0056;P0024;5;86065.52;0;54866.45;online;Confirmada
V01138;03/03/2025;C0024;P0006;30;141483.84;0;82826.49;SUCURSAL;Confirmada
V00616;19/11/2024;C0007;P0017;34;32252.62;0.15;21329.37;online;Confirmada
V00184;20/02/2025;C0053;P0027;1;126169.76;0.15;61799.54;Sucursal;Confirmada
V00782;07/09/2025;C0037;P0030;4;136865.67;0.15;79943.46;Online;Confirmada
V00138;28/06/2023;C0013;P0008;;171765.41;0;87430.92;SUCURSAL;Confirmada
V00987;23/02/2023;C0037;P0009;;38886.77;0;24765.50;Mayorista;Confirmada
V01100;16/05/2024;C0036;P0034;17;127498.44;0;73820.76;Online;Confirmada
V00516;18/07/2025;C0056;P0033;5;153289.24;0;87592.08;Mayorista;Confirmada
V00555;25/11/2025;C0005;P0001;26;140736.75;0;88805.39;online;Confirmada
V01016;14/08/2023;C0048;P0018;8;n/d;0;27465.62;Mayorista;Confirmada
V00090;26/04/2024;C0038;P0023;25;66124.78;0;40158.54;Sucursal;Confirmada
V01120;20/01/2023;C0038;P0021;17;48565.71;0.15;30386.28;Mayorista;Confirmada
V00489;01/06/2024;C0054;P0034;13;139419.63;0.05;73820.76;Online;Confirmada
V00892;19/05/2024;C0004;P0015;21;94063.36;0;52751.77;SUCURSAL;Confirmada
V00122;03/05/2023;C0040;P0029;1;60178.46;0;35426.88;Sucursal;Confirmada
V00799;25/08/2023;C0026;P0018;12;37634.27;0;27465.62;SUCURSAL;Confirmada
V00784;03/07/2024;C0007;P0035;36;103000.83;0.05;69092.63;Sucursal;Confirmada
V01140;17/04/2023;C0024;P0033;8;169302.10;0.15;87592.08;Sucursal;Confirmada
V00038;16/07/2024;C0029;P0031;3;152434.39;0.15;85075.28;Online;Confirmada
V01162;05/05/2023;C0032;P0018;6;38527.80;0;27465.62;SUCURSAL;Confirmada
V00320;01/12/2025;C0017;P0012;19;90204.23;0.05;62788.01;Sucursal;Confirmada
V00471;05/01/2023;C0012;P0027;18;115860.27;0;61799.54;Mayorista;Confirmada
V00648;14/06/2023;C0009;P0027;7;126676.28;0.1;61799.54;Mayorista;Confirmada
V00380;30/10/2025;C0060;P0030;1;155028.68;0;79943.46;Sucursal;Confirmada
V00359;23/11/2023;C0047;P0003;28;94484.51;0;59237.27;online;Confirmada
V00092;14/08/2023;C0060;P0012;10;98757.69;0.05;62788.01;SUCURSAL;Confirmada
V00315;27/10/2025;C0022;P0010;24;25248.92;0;15802.18;Sucursal;Confirmada
V00096;01/04/2024;C0048;P0038;13;48617.62;0.15;30948.72;online;Confirmada
V00076;20/02/2025;C0028;P0014;14;13872.43;0.05;7133.98;Sucursal;Confirmada
V00868;24/06/2023;C0055;P0027;13;127021.03;0;61799.54;Online;Confirmada
V00668;04/05/2025;C0001;P0016;19;6787.24;0.1;5355.27;online;Confirmada
V00197;13/04/2024;C0059;P0027;37;122738.93;0.1;61799.54;SUCURSAL;Confirmada
V00450;12/04/2025;C0057;P0032;23;60592.81;0.05;41511.75;Sucursal;Confirmada
V00743;16/02/2024;C0027;P0020;33;86791.83;0.1;45649.19;Online;Confirmada
V00341;23/08/2023;C0037;P0022;37;130928.82;0.1;77007.76;Sucursal;Confirmada
V00101;07/06/2023;C0022;P0003;16;98666.64;0.15;59237.27;Mayorista;Confirmada
V00986;15/10/2023;C0008;P0012;;95992.71;0;62788.01;Online;Confirmada
V01097;21/03/2023;C0035;P0022;23;126521.21;0.1;77007.76;Mayorista;Anulada
V00165;27/07/2023;C0009;P0007;31;29672.30;0.05;18589.68;online;Confirmada
V00862;11/03/2025;C0033;P0024;23;88904.79;0.1;54866.45;Sucursal;Confirmada
V00561;18/07/2023;C0052;P0011;17;73808.84;0.1;42100.64;Sucursal;Confirmada
V00126;12/07/2025;C0046;P0005;30;140903.00;0;76381.11;Online;Confirmada
V00794;13/10/2025;C0043;P0005;11;148501.31;0;76381.11;Sucursal;Confirmada
V00051;13/12/2025;C0038;P0034;35;135782.31;0;73820.76;online;Confirmada
V00823;22/03/2024;C0038;P0017;13;36285.09;0.1;21329.37;Online;Confirmada
V00832;16/03/2024;C0059;P0019;8;45598.31;0.05;24035.97;Mayorista;Confirmada
V01188;29/01/2025;C0020;P0015;7;n/d;0;52751.77;online;Confirmada
V01070;13/08/2023;C0044;P0018;40;35381.97;0;27465.62;SUCURSAL;Confirmada
V00522;27/08/2025;C0010;P0016;30;7021.06;0;5355.27;SUCURSAL;Confirmada
V00277;02/06/2024;C0036;P0006;19;141946.62;0.05;82826.49;Online;Confirmada
V00428;07/12/2024;C0022;P0005;2;151113.76;0;76381.11;SUCURSAL;Confirmada
V01166;10/07/2024;C0056;P0035;25;94450.67;0;69092.63;Sucursal;Confirmada
V01053;13/02/2025;C0017;P0035;6;104866.45;0;69092.63;online;Confirmada
V00007;20/12/2023;C0026;P0014;25;12692.94;0;7133.98;Sucursal;Confirmada
V01043;17/12/2023;C0057;P0031;19;141479.86;0;85075.28;Sucursal;Confirmada
V00485;22/09/2023;C0020;P0011;33;77015.42;0.05;42100.64;Sucursal;Confirmada
V00845;25/12/2024;C0006;P0028;28;135914.06;0;83697.81;Sucursal;Confirmada
V00444;09/10/2025;C0037;P0039;14;34462.23;0.1;20257.15;Online;Confirmada
V00072;17/05/2023;C0028;P0032;20;61599.45;0;41511.75;Sucursal;Confirmada
V00180;23/06/2023;C0055;P0029;2;58953.53;0;35426.88;Online;Confirmada
V00059;25/01/2024;C0057;P0031;16;145021.31;0.05;85075.28;Online;Confirmada
V01157;07/11/2025;C0046;P0036;38;15018.87;0.05;9624.01;SUCURSAL;Confirmada
V00166;02/03/2025;C0040;P0019;27;42076.20;0;24035.97;SUCURSAL;Confirmada
V00875;23/07/2023;C0035;P0033;18;160831.13;0;87592.08;Sucursal;Confirmada
V00344;10/05/2025;C0018;P0028;1;135731.68;0.1;83697.81;Online;Confirmada
V00271;05/05/2023;C0010;P0013;24;37803.65;0;26313.27;online;Confirmada
V00314;14/12/2025;C0044;P0001;5;129149.71;0;88805.39;Mayorista;Confirmada
V00604;23/03/2024;C0046;P0040;3;88887.86;0.05;59058.47;online;Confirmada
V00213;26/06/2024;C0007;P0036;10;14762.46;0;9624.01;Mayorista;Confirmada
V01032;02/07/2023;C0057;P0016;15;7605.60;0.15;5355.27;Mayorista;Confirmada
V00851;05/03/2025;C0034;P0018;26;36953.96;0.05;27465.62;Online;Confirmada
V00838;12/02/2024;C0036;P0021;3;54453.19;0;30386.28;SUCURSAL;Confirmada
V00666;19/06/2023;C0013;P0039;28;35737.24;0;20257.15;SUCURSAL;Confirmada
V00563;09/09/2023;C0003;P0038;33;50289.13;0.05;30948.72;Sucursal;Confirmada
V01145;03/11/2025;C0013;P0030;33;145497.38;0.05;79943.46;online;Confirmada
V00204;20/06/2024;C0037;P0001;32;134953.68;0;88805.39;online;Confirmada
V00210;30/08/2023;;P0032;2;63485.60;0;41511.75;online;Confirmada
V01026;11/08/2025;C0011;P0038;13;53012.66;0;30948.72;Sucursal;Confirmada
V00949;08/08/2025;C0029;P0032;11;62893.73;0;41511.75;Online;Confirmada
V00425;16/01/2024;C0047;P0029;32;61492.93;0;35426.88;SUCURSAL;Confirmada
V00190;03/02/2023;C0042;P0010;35;29198.87;0;15802.18;online;Confirmada
V00818;08/06/2023;C0055;P0037;38;29809.75;0;20637.97;Sucursal;Confirmada
V00102;03/06/2025;C0035;P0006;5;146767.45;0;82826.49;Online;Confirmada
V00779;22/10/2025;C0060;P0011;40;70245.17;0;42100.64;online;Confirmada
V00283;02/03/2024;C0038;P0007;23;26168.00;0;18589.68;Online;Confirmada
V00196;09/04/2024;C0042;P0017;30;35450.75;0.15;21329.37;Online;Confirmada
V00612;25/09/2024;C0041;P0038;21;54782.72;0;30948.72;Online;Confirmada
V00669;19/02/2024;C0006;P0006;6;131464.37;0.15;82826.49;Mayorista;Confirmada
V00660;16/09/2024;C0053;P0005;18;138514.12;0;76381.11;Online;Confirmada
V00692;10/10/2025;C0034;P0012;15;94812.17;0.1;62788.01;Online;Confirmada
V01084;06/10/2023;C0059;P0004;31;81775.28;0.05;45750.64;Online;Confirmada
V00198;28/10/2024;C0030;P0008;21;149055.89;0.15;87430.92;Online;Confirmada
V01128;11/11/2025;C0057;P0012;10;87995.97;0;62788.01;Online;Confirmada
V00374;27/06/2023;C0037;P0030;9;146487.25;0;79943.46;SUCURSAL;Confirmada
V00509;21/02/2025;C0022;P0026;40;114022.46;0;75912.18;Sucursal;Confirmada
V01124;31/10/2024;C0034;P0003;25;91682.52;0.15;59237.27;Online;Confirmada
V00734;08/01/2023;C0038;P0016;28;7148.14;0.05;5355.27;Sucursal;Confirmada
V00006;18/02/2025;;P0011;20;78836.71;0.05;42100.64;Mayorista;Confirmada
V00736;18/10/2023;C0023;P0035;40;100091.19;0.15;69092.63;Online;Confirmada
V00423;15/12/2025;C0020;P0025;15;76943.61;0.15;39839.56;Mayorista;Confirmada
V00721;11/08/2024;C0042;P0035;8;95521.68;0.05;69092.63;Sucursal;Confirmada
V00224;01/07/2024;C0049;P0013;39;37037.17;0.15;26313.27;Online;Confirmada
V00857;05/01/2023;C0060;P0035;27;103956.57;0;69092.63;Online;Confirmada
V00176;05/09/2025;C0003;P0020;28;86549.15;0.1;45649.19;online;Confirmada
V00695;07/02/2024;C0052;P0016;29;7536.63;0;5355.27;online;Confirmada
V00924;24/12/2024;C0045;P0014;24;12119.04;0;7133.98;Mayorista;Confirmada
V01082;03/02/2025;C0026;P0038;3;48770.80;0;30948.72;Mayorista;Confirmada
V00984;07/03/2023;C0022;P0010;21;27055.88;0;15802.18;online;Confirmada
V00156;24/09/2024;C0034;P0009;27;39404.67;0;24765.50;SUCURSAL;Confirmada
V00297;25/12/2023;C0047;P0038;6;52129.82;0;30948.72;SUCURSAL;Confirmada
V01109;10/07/2025;C0051;P0013;1;35954.08;0.05;26313.27;SUCURSAL;Confirmada
V00941;01/05/2023;C0013;P0002;17;75623.38;0;45022.51;SUCURSAL;Confirmada
V00477;20/03/2024;C0018;P0014;6;13615.92;0.05;7133.98;SUCURSAL;Confirmada
V01034;28/04/2023;C0046;P0001;18;136088.32;0;88805.39;Online;Confirmada
V00071;02/04/2024;C0032;P0031;26;146527.43;0;85075.28;SUCURSAL;Confirmada
V00791;17/01/2024;C0009;P0034;24;134833.59;0;73820.76;online;Confirmada
V01008;18/11/2025;C0030;P0032;8;64293.31;0;41511.75;Online;Confirmada
V00942;22/10/2025;C0050;P0009;13;39987.19;0.1;24765.50;Online;Confirmada
V00858;07/01/2023;C0056;P0022;4;139124.08;0.05;77007.76;online;Confirmada
V00806;05/06/2023;C0041;P0002;23;78994.98;0.15;45022.51;Online;Confirmada
V01118;22/11/2023;C0034;P0017;24;32650.88;0.15;21329.37;Mayorista;Confirmada
V00538;01/01/2023;C0016;P0008;22;167681.62;0;87430.92;Sucursal;Confirmada
V01035;09/03/2025;C0059;P0028;4;131948.22;0.05;83697.81;Sucursal;Confirmada
V00585;11/10/2025;C0015;P0030;20;147414.27;0;79943.46;online;Confirmada
V01172;02/09/2024;C0010;P0036;21;13613.41;0.15;9624.01;online;Confirmada
V00153;04/12/2024;C0030;P0035;17;92551.28;0.15;69092.63;online;Confirmada
V00045;11/02/2025;C0005;P0040;29;83629.04;0.1;59058.47;online;Confirmada
V00521;10/05/2024;C0013;P0040;18;84649.69;0;59058.47;Sucursal;Confirmada
V00995;14/10/2024;C0002;P0033;5;147291.61;0;87592.08;Mayorista;Confirmada
V01048;03/03/2024;C0020;P0006;29;147329.45;0;82826.49;Mayorista;Confirmada
V00846;05/08/2023;C0014;P0018;11;39762.64;0;27465.62;Sucursal;Confirmada
V00216;09/06/2024;C0043;P0039;;35410.92;0;20257.15;Online;Confirmada
V01103;31/03/2025;C0023;P0030;34;135343.92;0;79943.46;online;Confirmada
V00252;07/07/2023;C0039;P0019;25;41626.76;0.1;24035.97;SUCURSAL;Confirmada
V00760;15/10/2025;C0010;P0011;17;78703.09;0;42100.64;Mayorista;Confirmada
V00562;10/05/2023;C0013;P0037;30;29841.53;0.15;20637.97;Mayorista;Confirmada
V00530;21/12/2024;C0053;P0021;26;54154.92;0;30386.28;online;Confirmada
V00040;05/06/2025;C0060;P0009;9;43843.94;0;24765.50;online;Confirmada
V00205;25/07/2023;C0040;P0014;28;12938.55;0.1;7133.98;online;Confirmada
V00009;04/07/2024;C0030;P0037;32;28804.43;0;20637.97;SUCURSAL;Confirmada
V00220;13/02/2024;C0033;P0014;4;12939.13;0.15;7133.98;SUCURSAL;Confirmada
V00713;21/01/2024;C0024;P0038;9;54902.78;0;30948.72;Mayorista;Confirmada
V00404;18/11/2025;C0022;P0015;14;95727.53;0;52751.77;Sucursal;Confirmada
V01155;07/08/2025;C0043;P0015;9;102995.70;0;52751.77;Mayorista;Confirmada
V00558;11/08/2023;C0003;P0031;3;140433.53;0.15;85075.28;SUCURSAL;Confirmada
V01154;21/05/2025;C0022;P0022;5;130542.37;0;77007.76;online;Confirmada
V00434;02/04/2023;C0027;P0019;8;41931.69;0.1;24035.97;online;Confirmada
V00593;28/03/2023;C0035;P0034;8;131147.95;0;73820.76;SUCURSAL;Confirmada
V01169;02/01/2025;C0032;P0030;19;134691.35;0;79943.46;Mayorista;Confirmada
V00476;20/02/2023;C0001;P0014;13;13827.12;0.15;7133.98;Online;Confirmada
V00810;23/04/2024;C0037;P0010;15;27994.69;0;15802.18;Mayorista;Confirmada
V00194;31/01/2023;C0010;P0015;24;104589.80;0.1;52751.77;Mayorista;Confirmada
V00575;14/10/2024;C0059;P0027;32;125377.39;0;61799.54;SUCURSAL;Confirmada
V00292;18/12/2025;C0028;P0036;19;14714.31;0;9624.01;online;Confirmada
V00594;15/03/2024;C0003;P0020;10;87981.33;0.05;45649.19;Sucursal;Confirmada
V00728;20/11/2024;C0047;P0025;19;76857.74;0.15;39839.56;Mayorista;Confirmada
V00488;07/11/2025;C0014;P0019;11;45007.07;0.05;24035.97;Mayorista;Confirmada
V00069;29/02/2024;;P0032;19;57849.25;0.1;41511.75;Sucursal;Confirmada
V01105;08/02/2025;C0047;P0027;30;120413.32;0;61799.54;Sucursal;Confirmada
V00741;25/06/2025;C0058;P0007;9;25879.46;0;18589.68;Online;Confirmada
V01067;24/02/2025;C0033;P0025;17;70473.13;0.1;39839.56;Mayorista;Confirmada
V00975;18/07/2023;C0054;P0013;35;38088.84;0;26313.27;online;Confirmada
V00417;13/08/2025;C0043;P0034;15;137581.37;0;73820.76;Sucursal;Confirmada
V00982;08/02/2024;C0026;P0017;10;33293.34;0;21329.37;Online;Confirmada
V00398;13/08/2024;C0046;P0011;25;74783.41;0;42100.64;SUCURSAL;Confirmada
V00500;14/10/2025;C0022;P0008;8;164877.76;0;87430.92;Mayorista;Confirmada
V00160;27/05/2023;C0044;P0037;8;28123.92;0;20637.97;Sucursal;Confirmada
V00676;06/12/2024;C0022;P0036;16;13850.55;0;9624.01;Sucursal;Confirmada
V00829;22/10/2024;;P0009;32;44594.70;0.05;24765.50;Mayorista;Confirmada
V00590;12/08/2023;C0023;P0009;7;39398.94;0;24765.50;Online;Confirmada
V00621;27/04/2025;C0005;P0002;2;80774.90;0;45022.51;Mayorista;Confirmada
V00162;25/07/2025;C0050;P0001;9;130040.14;0.05;88805.39;Sucursal;Confirmada
V00671;12/08/2024;C0031;P0014;24;13906.01;0.05;7133.98;Mayorista;Confirmada
V00334;29/10/2023;C0012;P0027;3;127269.39;0.15;61799.54;online;Confirmada
V00642;05/02/2024;C0013;P0033;25;154206.36;0.1;87592.08;Sucursal;Confirmada
V00485;22/09/2023;C0020;P0011;33;77015.42;0.05;42100.64;Sucursal;Confirmada
V00449;21/12/2023;C0030;P0023;30;58414.74;0;40158.54;online;Confirmada
V00928;06/12/2024;C0019;P0032;15;62813.26;0;41511.75;Online;Confirmada
V00956;14/11/2025;C0059;P0008;35;150844.24;0;87430.92;Online;Anulada
V00587;08/11/2024;C0047;P0018;25;37564.65;0;27465.62;Online;Confirmada
V00567;16/07/2023;C0042;P0024;18;78421.04;0.15;54866.45;Mayorista;Confirmada
V01027;15/12/2023;C0056;P0003;17;87859.71;0;59237.27;Mayorista;Confirmada
V00206;30/05/2024;C0054;P0020;28;82229.96;0.05;45649.19;SUCURSAL;Confirmada
V01013;27/09/2025;C0016;P0022;34;128348.11;0.05;77007.76;Sucursal;Confirmada
V01037;09/10/2023;C0010;P0022;27;124225.49;0.05;77007.76;SUCURSAL;Confirmada
V00041;28/09/2023;C0003;P0005;37;131408.62;0;76381.11;Mayorista;Confirmada
V00761;16/11/2023;C0049;P0031;33;133007.18;0.05;85075.28;Mayorista;Confirmada
V00209;01/11/2023;C0057;P0036;31;13958.36;0.05;9624.01;online;Confirmada
V00392;14/03/2024;C0017;P0039;35;34477.37;0.05;20257.15;Online;Confirmada
V00643;22/09/2023;C0048;P0018;;38313.08;0;27465.62;SUCURSAL;Confirmada
V01038;07/01/2023;C0014;P0009;38;38727.88;0;24765.50;online;Confirmada
V00620;18/05/2024;C0010;P0027;27;114622.55;0.1;61799.54;Mayorista;Confirmada
V00403;05/05/2025;C0042;P0040;32;90905.50;0.05;59058.47;Online;Confirmada
V00914;31/01/2025;;P0007;10;30017.20;0;18589.68;SUCURSAL;Confirmada
V01190;24/11/2025;C0024;P0035;18;98880.48;0;69092.63;Online;Confirmada
V00218;11/04/2025;C0036;P0012;21;99125.32;0;62788.01;online;Confirmada
V00977;03/01/2023;C0052;P0038;37;51292.45;0;30948.72;online;Confirmada
V00008;10/07/2024;C0030;P0008;32;163561.21;0.1;87430.92;Mayorista;Confirmada
V01178;24/12/2024;C0060;P0004;40;77699.18;0;45750.64;SUCURSAL;Confirmada
V00083;04/07/2023;C0048;P0011;29;71654.03;0;42100.64;online;Confirmada
V00365;27/10/2025;C0028;P0011;13;70893.87;0.15;42100.64;SUCURSAL;Confirmada
V01028;08/02/2025;C0042;P0018;7;38027.57;0.1;27465.62;Sucursal;Confirmada
V00047;15/03/2025;C0060;P0008;5;161261.27;0.05;87430.92;Mayorista;Confirmada
V00115;12/05/2023;C0024;P0038;39;50160.05;0.1;30948.72;SUCURSAL;Confirmada
V00504;29/06/2025;C0055;P0009;1;39057.29;0;24765.50;online;Confirmada
V00055;06/11/2024;C0057;P0019;25;40268.29;0.1;24035.97;Sucursal;Confirmada
V01049;26/10/2023;C0043;P0004;21;82614.22;0;45750.64;online;Confirmada
V00632;29/11/2025;C0045;P0033;38;162845.59;0;87592.08;Online;Confirmada
V00677;15/04/2024;C0021;P0008;29;152908.79;0;87430.92;Sucursal;Confirmada
V00577;25/12/2024;C0044;P0022;15;124657.71;0.1;77007.76;Online;Confirmada
V00494;17/02/2024;C0005;P0001;33;135987.17;0.1;88805.39;Sucursal;Confirmada
V00012;14/07/2025;C0014;P0003;34;87735.33;0.15;59237.27;Online;Confirmada
V00306;26/08/2024;C0009;P0038;18;53312.00;0;30948.72;online;Confirmada
V00013;04/09/2025;C0005;P0011;10;69172.30;0.05;42100.64;Mayorista;Confirmada
V00200;25/03/2023;C0042;P0004;24;82779.76;0;45750.64;Sucursal;Confirmada
V00717;08/06/2025;C0012;P0036;21;15216.50;0;9624.01;Online;Confirmada
V00265;18/01/2025;C0011;P0015;26;107786.17;0;52751.77;SUCURSAL;Confirmada
V00802;19/10/2025;;P0020;19;85852.95;0.05;45649.19;online;Confirmada
V01150;14/01/2024;C0013;P0016;25;7288.00;0;5355.27;online;Confirmada
V01076;30/11/2023;C0053;P0038;34;54587.02;0;30948.72;Online;Confirmada
V00229;23/09/2023;C0031;P0021;8;52068.50;0;30386.28;Mayorista;Confirmada
V00302;14/11/2025;C0036;P0032;14;66449.59;0;41511.75;Online;Confirmada
V00899;24/11/2024;C0007;P0012;2;91937.94;0;62788.01;Sucursal;Confirmada
V00957;10/06/2023;C0004;P0030;14;134795.11;0;79943.46;Sucursal;Confirmada
V00355;30/08/2025;C0003;P0003;37;94019.21;0.1;59237.27;Mayorista;Confirmada
V01101;14/10/2023;C0054;P0002;23;76757.07;0.05;45022.51;SUCURSAL;Confirmada
V01141;11/07/2023;C0027;P0002;5;84049.11;0;45022.51;SUCURSAL;Confirmada
V00807;06/09/2025;C0047;P0007;8;29613.37;0.05;18589.68;online;Confirmada
V00758;11/11/2023;C0051;P0028;34;130849.43;0.05;83697.81;Online;Confirmada
V00821;25/12/2023;C0010;P0025;28;76907.03;0.1;39839.56;SUCURSAL;Confirmada
V00686;16/12/2024;C0051;P0022;10;136134.23;0.05;77007.76;Mayorista;Confirmada
V00789;13/09/2024;C0019;P0014;32;14082.86;0;7133.98;online;Confirmada
V01163;28/05/2023;C0013;P0019;3;45547.24;0;24035.97;SUCURSAL;Confirmada
V00340;30/09/2024;C0049;P0013;5;39880.89;0.15;26313.27;online;Confirmada
V00885;21/05/2024;C0006;P0010;21;28629.54;0;15802.18;SUCURSAL;Confirmada
V00017;18/11/2025;C0038;P0006;9;129271.57;0.15;82826.49;online;Anulada
V00448;28/11/2023;C0034;P0002;35;83409.00;0.15;45022.51;Mayorista;Confirmada
V00628;24/01/2025;C0051;P0007;4;25661.27;0;18589.68;Mayorista;Confirmada
V00199;02/11/2025;C0024;P0001;36;136430.86;0;88805.39;Mayorista;Confirmada
V01102;09/05/2024;C0040;P0008;20;167510.55;0;87430.92;SUCURSAL;Confirmada
V00910;28/04/2023;C0033;P0034;5;133373.73;0;73820.76;SUCURSAL;Confirmada
V01149;17/10/2024;C0037;P0003;23;98176.33;0.1;59237.27;Mayorista;Confirmada
V00390;28/11/2025;C0055;P0002;39;78854.19;0;45022.51;Mayorista;Confirmada
V00569;22/09/2025;C0044;P0029;19;63265.78;0;35426.88;Online;Confirmada
V00715;22/08/2023;C0034;P0035;38;106946.62;0;69092.63;SUCURSAL;Confirmada
V01152;23/05/2025;C0044;P0006;8;146516.94;0;82826.49;Sucursal;Confirmada
V01085;18/05/2024;C0019;P0032;18;61774.13;0.15;41511.75;Mayorista;Confirmada
V00513;28/11/2023;C0060;P0007;39;25980.27;0;18589.68;Online;Confirmada
V01003;18/05/2025;C0054;P0037;29;27433.38;0.05;20637.97;Online;Confirmada
V01111;06/07/2025;C0001;P0001;4;134575.79;0.15;88805.39;Sucursal;Confirmada
V00826;04/11/2024;C0026;P0006;31;140757.68;0;82826.49;SUCURSAL;Confirmada
V00853;19/03/2023;C0011;P0033;32;164045.15;0.1;87592.08;Sucursal;Confirmada
V00955;27/02/2023;C0013;P0040;37;87011.39;0;59058.47;Sucursal;Confirmada
V00515;25/07/2024;C0052;P0037;32;29788.51;0.15;20637.97;Online;Confirmada
V00296;01/11/2024;C0039;P0020;2;77568.12;0;45649.19;online;Confirmada
V00188;16/08/2024;C0023;P0030;7;142896.99;0.05;79943.46;SUCURSAL;Confirmada
V00217;27/09/2025;C0012;P0039;15;33128.89;0;20257.15;Online;Confirmada
V01086;07/09/2025;C0059;P0015;37;109516.08;0.05;52751.77;Mayorista;Confirmada
V00902;01/08/2024;C0050;P0026;22;n/d;0;75912.18;Online;Confirmada
V00263;27/08/2025;C0034;P0021;6;49529.72;0.1;30386.28;online;Confirmada
V00536;01/04/2024;C0044;P0029;9;61972.69;0.05;35426.88;Online;Confirmada
V00883;17/01/2025;C0042;P0031;8;149577.74;0;85075.28;Mayorista;Confirmada
V01143;17/11/2025;C0045;P0019;34;45513.67;0;24035.97;Mayorista;Confirmada
V00646;04/06/2023;C0016;P0018;39;40354.28;0;27465.62;Mayorista;Confirmada
V00397;01/08/2025;C0044;P0010;16;28970.72;0.1;15802.18;Mayorista;Confirmada
V00534;23/04/2023;C0012;P0036;36;14308.06;0;9624.01;Sucursal;Confirmada
V00933;28/03/2025;C0022;P0019;11;45715.94;0.1;24035.97;online;Confirmada
V00688;10/11/2025;C0001;P0003;37;88931.37;0.1;59237.27;Sucursal;Confirmada
V00475;03/02/2024;C0057;P0021;28;48499.66;0;30386.28;online;Confirmada
V00048;08/05/2024;C0037;P0023;30;60283.51;0;40158.54;SUCURSAL;Confirmada
V00339;26/02/2025;C0034;P0002;20;76434.70;0.05;45022.51;Mayorista;Confirmada
V00894;14/01/2023;C0054;P0023;8;65228.96;0.05;40158.54;Mayorista;Confirmada
V00831;21/03/2025;C0003;P0031;6;139801.81;0.05;85075.28;Mayorista;Confirmada
V00304;26/05/2023;C0058;P0032;35;62510.97;0.1;41511.75;SUCURSAL;Confirmada
V00544;07/08/2025;C0021;P0027;14;121996.38;0;61799.54;online;Confirmada
V00031;28/11/2023;C0040;P0038;34;55495.25;0;30948.72;Mayorista;Confirmada
V00932;04/08/2025;C0013;P0027;24;109735.53;0.05;61799.54;Online;Confirmada
V00408;06/01/2024;C0020;P0011;11;68433.10;0.15;42100.64;online;Confirmada
V00903;02/06/2024;C0039;P0002;17;73905.34;0;45022.51;SUCURSAL;Confirmada
V01104;22/01/2025;C0021;P0011;36;79143.24;0.1;42100.64;SUCURSAL;Confirmada
V00991;22/06/2024;C0033;P0013;34;37532.06;0.05;26313.27;online;Confirmada
V00930;01/06/2025;C0027;P0034;34;132959.40;0;73820.76;SUCURSAL;Confirmada
V00313;18/08/2025;C0029;P0024;20;88698.55;0.1;54866.45;Online;Confirmada
V00553;05/06/2024;C0021;P0036;20;14793.82;0.1;9624.01;SUCURSAL;Confirmada
V00368;27/11/2025;C0009;P0011;20;74770.51;0;42100.64;SUCURSAL;Confirmada
V00395;29/07/2024;C0044;P0022;30;128090.93;0.1;77007.76;Mayorista;Confirmada
V00732;02/02/2025;C0023;P0021;8;47547.26;0.05;30386.28;SUCURSAL;Confirmada
V00886;29/07/2024;C0019;P0020;40;80310.21;0;45649.19;Mayorista;Confirmada
V00061;28/05/2025;C0012;P0011;21;71598.60;0;42100.64;Mayorista;Confirmada
V00578;04/05/2023;C0023;P0038;35;49518.95;0.15;30948.72;SUCURSAL;Confirmada
V00637;09/03/2024;C0040;P0028;18;131640.92;0.1;83697.81;SUCURSAL;Confirmada
V01096;02/08/2024;C0049;P0026;1;103967.43;0;75912.18;Sucursal;Confirmada
V00708;20/02/2025;C0028;P0028;1;135248.76;0.15;83697.81;Sucursal;Confirmada
V00796;07/06/2025;C0055;P0023;5;67462.32;0.1;40158.54;SUCURSAL;Confirmada
V01001;07/04/2024;C0048;P0026;36;112569.97;0;75912.18;SUCURSAL;Confirmada
V00276;14/09/2023;C0001;P0007;20;27684.46;0;18589.68;SUCURSAL;Confirmada
V01187;07/09/2024;C0051;P0033;37;144874.48;0.15;87592.08;Mayorista;Confirmada
V01099;19/04/2025;C0050;P0026;25;105840.30;0;75912.18;online;Confirmada
V00545;12/08/2024;C0016;P0038;32;52674.60;0;30948.72;Sucursal;Confirmada
V00389;18/03/2025;C0056;P0039;20;37978.57;0;20257.15;online;Confirmada
V01148;31/07/2025;C0057;P0025;30;68615.80;0.1;39839.56;Mayorista;Confirmada
V00028;02/02/2023;C0047;P0006;22;144945.57;0.05;82826.49;Sucursal;Confirmada
V00322;10/06/2023;C0033;P0019;21;42153.35;0;24035.97;Mayorista;Confirmada
V00018;04/06/2024;C0055;P0007;20;26056.80;0.05;18589.68;Sucursal;Confirmada
V00523;23/07/2025;C0017;P0008;37;148000.83;0.15;87430.92;Online;Confirmada
V00145;11/02/2023;C0006;P0019;23;42853.57;0;24035.97;SUCURSAL;Confirmada
V00711;07/02/2025;C0020;P0021;19;51387.88;0.05;30386.28;Online;Confirmada
V00700;15/11/2024;C0053;P0035;3;101356.59;0;69092.63;Sucursal;Confirmada
V00812;23/12/2023;C0001;P0021;13;52005.97;0.15;30386.28;online;Confirmada
V00817;23/12/2023;C0014;P0038;16;49247.62;0;30948.72;online;Confirmada
V00266;07/10/2023;C0025;P0024;24;87417.04;0.15;54866.45;online;Confirmada
V00159;13/03/2024;C0013;P0022;37;123535.99;0;77007.76;online;Confirmada
V00954;30/05/2023;C0036;P0017;7;33836.38;0;21329.37;online;Confirmada
V00689;26/08/2025;C0036;P0008;4;149464.19;0;87430.92;Sucursal;Confirmada
V00673;21/11/2024;C0030;P0014;17;12213.46;0.1;7133.98;online;Confirmada
V00752;02/02/2025;C0028;P0032;15;60710.57;0;41511.75;Mayorista;Confirmada
V00920;09/10/2025;C0034;P0032;4;67575.49;0;41511.75;Sucursal;Confirmada
V00813;03/12/2024;C0024;P0005;3;141516.03;0;76381.11;SUCURSAL;Confirmada
V00443;15/09/2023;C0045;P0034;30;142988.78;0.15;73820.76;Mayorista;Confirmada
V00158;20/01/2025;C0050;P0010;18;25167.91;0;15802.18;Mayorista;Confirmada
V00246;12/12/2025;C0013;P0027;38;125117.98;0;61799.54;Online;Confirmada
V00657;28/11/2025;C0049;P0020;18;81477.04;0.15;45649.19;SUCURSAL;Confirmada
V00453;29/04/2024;C0016;P0018;16;35150.37;0.15;27465.62;Sucursal;Confirmada
V00520;13/05/2024;C0031;P0040;;88525.64;0;59058.47;SUCURSAL;Confirmada
V00508;06/05/2023;C0025;P0030;31;136430.69;0.1;79943.46;SUCURSAL;Confirmada
V01068;26/05/2025;C0043;P0026;23;106890.65;0.15;75912.18;SUCURSAL;Confirmada
V00174;24/02/2023;C0026;P0040;28;78472.12;0.05;59058.47;Mayorista;Confirmada
V00517;26/03/2023;C0003;P0011;26;67887.03;0.05;42100.64;Sucursal;Confirmada
V00602;15/07/2024;C0019;P0003;29;97409.21;0.15;59237.27;Mayorista;Confirmada
V00729;28/10/2024;C0049;P0012;30;89411.16;0;62788.01;online;Confirmada
V01107;26/03/2023;C0017;P0022;3;140452.55;0.15;77007.76;Sucursal;Confirmada
V01184;06/09/2023;C0002;P0039;27;38110.30;0;20257.15;Mayorista;Confirmada
V00228;15/12/2024;C0039;P0022;2;133669.14;0.05;77007.76;online;Confirmada
V00533;08/11/2023;C0037;P0004;24;75525.86;0;45750.64;SUCURSAL;Confirmada
V00856;30/01/2023;C0034;P0015;40;105642.57;0;52751.77;Sucursal;Confirmada
V00873;09/09/2024;C0036;P0030;26;147281.64;0;79943.46;Sucursal;Confirmada
V01063;09/03/2024;C0049;P0016;4;7163.94;0.1;5355.27;Mayorista;Confirmada
V00968;08/07/2024;C0034;P0013;13;35337.67;0;26313.27;Online;Confirmada
V00212;01/09/2025;C0044;P0035;28;92291.65;0;69092.63;Online;Confirmada
V00034;21/06/2025;C0048;P0019;21;43925.91;0.05;24035.97;online;Confirmada
V00542;27/07/2024;C0060;P0007;20;28016.37;0;18589.68;Sucursal;Confirmada
V00891;06/03/2023;C0058;P0004;;80896.49;0.15;45750.64;SUCURSAL;Confirmada
V00805;22/05/2023;C0010;P0002;17;81318.57;0.15;45022.51;SUCURSAL;Confirmada
V00834;04/01/2025;C0007;P0023;23;62538.30;0;40158.54;SUCURSAL;Confirmada
V00401;21/11/2024;C0036;P0032;24;61016.22;0;41511.75;Sucursal;Confirmada
V00361;21/08/2025;C0034;P0010;40;25686.58;0.05;15802.18;online;Confirmada
V00972;11/07/2025;C0021;P0006;14;151168.92;0.15;82826.49;Sucursal;Confirmada
V00848;16/03/2023;C0011;P0010;30;28891.65;0;15802.18;Sucursal;Confirmada
V00290;28/12/2025;C0008;P0001;21;127187.21;0.1;88805.39;SUCURSAL;Confirmada
V01065;04/12/2023;C0049;P0030;26;151165.14;0;79943.46;online;Confirmada
V00548;05/10/2023;C0020;P0012;5;88192.14;0;62788.01;Online;Confirmada
V00346;21/07/2023;C0032;P0009;22;39676.45;0.15;24765.50;Sucursal;Confirmada
V00653;01/08/2024;C0040;P0003;33;101027.12;0;59237.27;online;Confirmada
V00854;02/01/2025;C0032;P0003;33;94677.67;0.05;59237.27;online;Confirmada
V00524;05/11/2025;C0039;P0037;11;29471.35;0.15;20637.97;online;Confirmada
V00615;05/05/2025;C0039;P0032;16;63379.15;0;41511.75;Online;Confirmada
V00068;27/05/2023;C0005;P0011;21;71861.22;0.1;42100.64;SUCURSAL;Confirmada
V00540;12/06/2025;C0056;P0032;35;59714.23;0;41511.75;online;Confirmada
V00003;04/04/2025;C0054;P0037;22;28377.60;0;20637.97;Sucursal;Confirmada
V00226;09/04/2023;C0055;P0024;35;86108.12;0.05;54866.45;Sucursal;Confirmada
V00863;16/09/2023;C0029;P0039;35;37839.91;0;20257.15;Sucursal;Confirmada
V00871;17/09/2025;C0020;P0022;21;142059.93;0;77007.76;Mayorista;Confirmada
V00939;02/12/2023;C0027;P0024;39;78133.10;0.05;54866.45;Mayorista;Confirmada
V00837;14/01/2025;C0012;P0015;11;101365.83;0;52751.77;Online;Confirmada
V00178;22/11/2024;C0007;P0022;35;129245.65;0.05;77007.76;Online;Confirmada
V00879;26/03/2025;C0028;P0004;21;82791.24;0;45750.64;Sucursal;Confirmada
V00652;16/06/2023;C0060;P0026;18;106650.32;0;75912.18;Online;Confirmada
V00182;17/09/2024;C0034;P0038;33;51020.45;0.1;30948.72;Sucursal;Confirmada
V00103;21/12/2024;C0001;P0005;4;135024.64;0;76381.11;Online;Confirmada
V00751;20/08/2023;C0021;P0028;39;135377.79;0.15;83697.81;Sucursal;Confirmada
V00697;07/09/2024;C0036;P0003;36;90471.40;0;59237.27;Online;Confirmada
V00519;24/11/2024;C0015;P0032;5;63643.87;0;41511.75;Online;Confirmada
V01175;14/06/2024;C0056;P0004;1;82268.55;0.1;45750.64;Sucursal;Confirmada
V00611;14/11/2023;C0019;P0028;21;143868.75;0.05;83697.81;Sucursal;Confirmada
V00726;03/01/2023;C0046;P0040;15;87593.60;0;59058.47;Mayorista;Confirmada
V00759;16/12/2023;C0048;P0027;13;127613.92;0;61799.54;SUCURSAL;Confirmada
V01126;07/11/2023;C0018;P0032;28;66961.31;0;41511.75;Mayorista;Confirmada
V00412;17/12/2023;C0036;P0017;35;34216.29;0.05;21329.37;SUCURSAL;Confirmada
V01174;22/03/2023;C0052;P0034;18;135330.96;0;73820.76;online;Confirmada
V00800;09/12/2024;C0041;P0005;30;147599.45;0.15;76381.11;Mayorista;Confirmada
V00518;10/04/2023;C0037;P0021;32;47091.33;0.1;30386.28;SUCURSAL;Confirmada
V00731;15/03/2023;C0031;P0027;22;113384.51;0;61799.54;SUCURSAL;Confirmada
V00371;29/08/2025;C0034;P0004;12;80319.16;0.1;45750.64;Mayorista;Confirmada
V00958;07/10/2025;C0059;P0022;19;131799.86;0;77007.76;Online;Confirmada
V00503;11/04/2025;C0004;P0017;38;33819.94;0;21329.37;Online;Confirmada
V00280;21/04/2025;C0009;P0017;28;36258.29;0.1;21329.37;Mayorista;Confirmada
V01170;04/03/2024;C0019;P0007;18;27369.04;0;18589.68;Sucursal;Confirmada
V00089;20/07/2023;C0049;P0023;18;65266.00;0.05;40158.54;Sucursal;Confirmada
V00777;20/06/2023;C0027;P0033;20;168342.28;0.15;87592.08;online;Confirmada
V00635;16/10/2024;C0059;P0009;37;40425.69;0;24765.50;online;Confirmada
V00659;26/03/2025;C0014;P0008;3;170509.55;0;87430.92;Sucursal;Confirmada
V00261;28/03/2023;C0025;P0036;40;15242.22;0.05;9624.01;Online;Confirmada
V01012;25/01/2025;C0056;P0020;16;n/d;0.15;45649.19;online;Confirmada
V01023;04/02/2023;C0001;P0008;19;158412.46;0.1;87430.92;Sucursal;Confirmada
V00214;06/06/2023;C0031;P0005;29;154168.44;0;76381.11;Sucursal;Confirmada
V01060;30/06/2024;C0045;P0030;40;154674.29;0.05;79943.46;Mayorista;Confirmada
V00074;29/10/2024;C0040;P0030;6;136123.72;0;79943.46;online;Confirmada
V00836;02/05/2023;C0016;P0031;37;142036.04;0;85075.28;Sucursal;Anulada
V00405;10/05/2024;C0030;P0001;15;134753.90;0;88805.39;Mayorista;Confirmada
V00242;03/12/2024;C0032;P0002;23;79968.05;0.15;45022.51;Sucursal;Confirmada
V01123;05/09/2023;C0023;P0039;29;36109.16;0.15;20257.15;online;Confirmada
V00694;19/01/2025;;P0026;35;107058.78;0.15;75912.18;Sucursal;Confirmada
V00148;20/02/2025;C0024;P0035;17;94315.18;0.05;69092.63;online;Confirmada
V00884;28/08/2024;C0042;P0012;29;88999.01;0.15;62788.01;Sucursal;Confirmada
V00639;10/01/2024;C0047;P0020;17;75816.31;0.05;45649.19;Mayorista;Confirmada
V00888;20/10/2023;C0007;P0013;28;35060.26;0.15;26313.27;SUCURSAL;Confirmada
V00992;21/09/2025;C0039;P0018;12;35575.63;0;27465.62;online;Confirmada
V00976;30/04/2024;C0032;P0005;7;147162.46;0.1;76381.11;SUCURSAL;Confirmada
V00719;25/01/2025;C0019;P0040;39;86352.25;0.1;59058.47;SUCURSAL;Confirmada
V00684;30/08/2024;C0042;P0036;13;13579.94;0;9624.01;SUCURSAL;Anulada
V00140;24/10/2024;C0059;P0011;34;68320.98;0.1;42100.64;Sucursal;Confirmada
V00665;26/09/2024;C0024;P0004;30;81478.59;0;45750.64;Mayorista;Confirmada
V00173;14/02/2024;C0056;P0039;1;33719.24;0.15;20257.15;Online;Confirmada
V00029;21/04/2023;C0025;P0024;33;79129.11;0.15;54866.45;Mayorista;Confirmada
V00830;14/03/2023;C0024;P0005;24;139348.59;0.15;76381.11;Mayorista;Confirmada
V00827;03/07/2025;C0043;P0024;10;84877.79;0;54866.45;Online;Confirmada
V00352;27/01/2025;C0045;P0029;36;61606.04;0;35426.88;online;Confirmada
V00416;15/02/2024;C0036;P0001;37;140349.36;0;88805.39;SUCURSAL;Confirmada
V00579;24/10/2024;C0045;P0023;9;58140.38;0;40158.54;Sucursal;Confirmada
V01073;26/12/2025;C0028;P0001;16;129490.35;0;88805.39;Online;Confirmada
V00269;08/01/2023;C0053;P0014;22;13122.99;0;7133.98;Online;Confirmada
V00457;22/07/2024;C0049;P0009;18;42500.51;0;24765.50;SUCURSAL;Confirmada
V01045;17/06/2024;C0017;P0040;24;83769.82;0;59058.47;online;Confirmada
V00303;26/04/2024;C0038;P0006;28;143638.92;0.1;82826.49;Mayorista;Confirmada
V01019;20/01/2023;;P0020;17;79294.35;0;45649.19;Online;Confirmada
V00790;13/01/2025;C0060;P0012;33;95466.03;0;62788.01;Mayorista;Confirmada
V00840;27/02/2023;C0003;P0027;19;117348.72;0.1;61799.54;SUCURSAL;Confirmada
V00043;30/01/2023;C0032;P0003;2;92500.39;0.1;59237.27;Online;Confirmada
V00414;05/07/2023;C0016;P0011;35;78009.03;0.1;42100.64;SUCURSAL;Confirmada
V00909;02/03/2025;C0038;P0031;21;148873.38;0;85075.28;Online;Confirmada
V00581;07/05/2023;C0007;P0030;37;133290.35;0;79943.46;Mayorista;Confirmada
V00248;02/08/2023;C0018;P0035;35;98098.62;0.05;69092.63;Mayorista;Confirmada
V00499;22/10/2024;C0032;P0022;4;135154.92;0;77007.76;SUCURSAL;Confirmada
V00619;29/11/2025;C0038;P0016;29;6994.58;0.1;5355.27;Sucursal;Confirmada
V01087;05/04/2024;C0024;P0023;9;59802.18;0;40158.54;online;Confirmada
V00730;24/08/2024;C0022;P0004;10;75877.59;0;45750.64;Online;Confirmada
V00498;08/11/2023;C0036;P0034;22;127661.06;0.05;73820.76;Sucursal;Confirmada
V00781;17/05/2023;C0006;P0012;11;100138.25;0;62788.01;online;Confirmada
V00546;19/03/2024;C0018;P0009;6;41320.65;0.1;24765.50;Mayorista;Confirmada
V01088;30/12/2025;C0035;P0018;35;40048.05;0;27465.62;online;Confirmada
V00601;08/02/2024;C0047;P0014;17;12806.33;0.1;7133.98;online;Confirmada
V00936;04/12/2023;C0031;P0016;5;7887.81;0.1;5355.27;online;Confirmada
V01147;23/07/2024;C0001;P0036;31;15236.93;0.15;9624.01;Sucursal;Confirmada
V00560;25/06/2024;C0057;P0008;26;170328.67;0.1;87430.92;Mayorista;Confirmada
V00120;20/08/2024;C0010;P0027;12;125143.29;0;61799.54;online;Confirmada
V01077;06/05/2025;C0055;P0035;38;102461.71;0;69092.63;online;Confirmada
V00347;31/01/2025;C0036;P0020;14;84375.40;0;45649.19;Mayorista;Confirmada
V00363;28/11/2023;C0002;P0040;18;88809.02;0;59058.47;online;Confirmada
V01171;25/04/2023;C0009;P0011;6;77566.19;0.05;42100.64;Sucursal;Confirmada
V00496;12/01/2023;C0034;P0023;23;64428.13;0.05;40158.54;Sucursal;Confirmada
V00644;17/03/2023;C0003;P0028;39;143249.11;0.05;83697.81;SUCURSAL;Confirmada
V00084;30/06/2024;C0032;P0037;39;28570.67;0;20637.97;Mayorista;Confirmada
V00539;05/11/2025;C0012;P0039;18;35591.19;0.1;20257.15;Sucursal;Confirmada
V01029;08/11/2025;C0004;P0038;34;50571.95;0.15;30948.72;online;Confirmada
V00906;13/02/2023;C0054;P0039;40;36338.66;0.05;20257.15;Online;Confirmada
V01055;27/12/2025;C0012;P0002;27;83871.40;0;45022.51;SUCURSAL;Confirmada
V00134;19/09/2025;;P0019;24;41115.61;0;24035.97;SUCURSAL;Confirmada
V00250;21/03/2023;C0005;P0019;1;44900.34;0.1;24035.97;SUCURSAL;Confirmada
V01131;05/05/2024;C0031;P0002;38;81016.70;0.1;45022.51;Sucursal;Confirmada
V00318;22/10/2024;C0009;P0040;20;81135.98;0.1;59058.47;Sucursal;Confirmada
V00915;17/09/2025;C0044;P0017;36;33302.12;0.15;21329.37;Online;Confirmada
V00922;08/02/2025;C0018;P0011;14;68051.89;0;42100.64;Sucursal;Confirmada
V00135;16/10/2023;C0008;P0036;40;15069.08;0.15;9624.01;Sucursal;Confirmada
V00016;14/01/2025;C0051;P0039;30;35687.86;0.1;20257.15;Online;Confirmada
V00050;16/06/2023;C0037;P0018;39;39197.25;0.15;27465.62;SUCURSAL;Confirmada
V01135;27/01/2024;C0010;P0004;12;81934.41;0.1;45750.64;Sucursal;Confirmada
V00118;08/08/2023;C0042;P0026;29;99884.75;0.15;75912.18;Mayorista;Confirmada
V00385;01/07/2025;;P0001;33;135098.24;0;88805.39;SUCURSAL;Confirmada
V00929;05/12/2024;C0010;P0024;20;85419.83;0;54866.45;Mayorista;Confirmada
V00125;29/08/2024;C0058;P0002;2;75395.10;0.05;45022.51;Sucursal;Confirmada
V00278;31/10/2023;C0014;P0018;16;39299.85;0.1;27465.62;SUCURSAL;Confirmada
V00658;12/03/2024;C0020;P0036;19;15493.87;0.1;9624.01;online;Confirmada
V00969;31/01/2023;C0031;P0002;11;75023.27;0;45022.51;Sucursal;Confirmada
V00970;11/06/2023;C0014;P0026;15;103804.05;0.1;75912.18;Online;Confirmada
V00282;18/01/2024;C0060;P0015;19;104007.77;0;52751.77;Online;Confirmada
V01159;03/02/2024;C0025;P0021;21;54166.57;0;30386.28;Online;Confirmada
V00233;30/12/2025;C0004;P0014;40;12051.49;0.15;7133.98;Sucursal;Confirmada
V00774;24/11/2024;C0020;P0010;5;25978.93;0;15802.18;Online;Confirmada
V00383;24/11/2025;C0041;P0005;4;151107.72;0.1;76381.11;Online;Confirmada
V00433;28/10/2025;C0017;P0024;29;84142.39;0.15;54866.45;SUCURSAL;Confirmada
V00776;15/02/2024;C0060;P0012;19;90626.71;0;62788.01;Sucursal;Confirmada
V00825;29/11/2024;C0051;P0040;6;81016.09;0;59058.47;Online;Confirmada
V00080;16/01/2024;C0058;P0034;27;147088.07;0;73820.76;online;Confirmada
V00917;31/12/2023;C0058;P0021;37;49068.43;0.05;30386.28;Online;Confirmada
V00750;26/01/2023;C0010;P0007;23;26929.24;0;18589.68;online;Confirmada
V00947;16/07/2024;C0035;P0023;29;61407.64;0.15;40158.54;Sucursal;Confirmada
V00168;29/05/2023;C0011;P0006;22;129722.74;0.1;82826.49;online;Confirmada
V00186;10/07/2023;C0009;P0019;21;43151.22;0.15;24035.97;online;Confirmada
V00722;29/02/2024;C0021;P0015;8;104701.34;0.05;52751.77;Online;Confirmada
V00935;31/12/2023;C0021;P0025;34;73709.91;0.05;39839.56;Sucursal;Confirmada
V01180;31/05/2023;C0056;P0031;2;150364.38;0;85075.28;Mayorista;Confirmada
V00824;30/12/2024;C0057;P0006;6;132890.33;0;82826.49;Sucursal;Confirmada
V00419;14/07/2024;C0059;P0001;32;126764.41;0.15;88805.39;Mayorista;Confirmada
V00458;30/08/2023;C0035;P0001;2;138163.65;0.1;88805.39;Online;Confirmada
V00112;14/02/2023;C0055;P0030;34;149723.51;0.05;79943.46;SUCURSAL;Confirmada
V00024;08/07/2023;C0027;P0040;23;78359.32;0;59058.47;Sucursal;Confirmada
V00400;14/12/2025;C0025;P0037;;28305.22;0;20637.97;Sucursal;Confirmada
V00202;17/12/2025;C0048;P0025;1;72327.32;0.1;39839.56;Online;Confirmada
V00360;15/10/2025;C0045;P0031;21;137868.56;0;85075.28;Mayorista;Confirmada
V00716;26/04/2023;C0005;P0004;20;75460.59;0;45750.64;Mayorista;Confirmada
V00091;18/10/2025;C0056;P0004;24;80800.92;0.15;45750.64;SUCURSAL;Confirmada
V00720;26/09/2025;C0023;P0033;1;149789.41;0;87592.08;Online;Confirmada
V00702;21/02/2025;C0022;P0008;2;150823.03;0.1;87430.92;Online;Confirmada
V00487;06/05/2025;C0007;P0035;5;106078.00;0;69092.63;SUCURSAL;Confirmada
V00744;21/08/2025;C0042;P0038;29;50697.92;0.05;30948.72;Sucursal;Confirmada
V00946;03/07/2024;C0025;P0040;5;81722.90;0;59058.47;SUCURSAL;Confirmada
V01130;19/02/2023;C0054;P0037;34;28148.71;0.15;20637.97;online;Confirmada
V00410;12/07/2023;C0025;P0034;23;126705.48;0.05;73820.76;SUCURSAL;Confirmada
V00778;31/12/2024;C0015;P0040;14;81277.16;0.15;59058.47;online;Confirmada
V00294;04/08/2025;C0032;P0020;6;76990.50;0;45649.19;SUCURSAL;Confirmada
V00815;18/06/2025;C0054;P0004;33;81470.96;0;45750.64;online;Confirmada
V00289;11/02/2024;C0014;P0023;33;66666.64;0.1;40158.54;Mayorista;Confirmada
V00483;09/03/2024;C0001;P0011;28;71495.81;0;42100.64;online;Confirmada
V01007;25/10/2024;C0044;P0023;4;66088.58;0;40158.54;Online;Confirmada
V00978;01/07/2025;C0049;P0011;31;70110.72;0.1;42100.64;SUCURSAL;Confirmada
V00773;06/05/2025;C0028;P0027;39;127230.75;0;61799.54;SUCURSAL;Confirmada
V01121;21/03/2025;C0045;P0026;1;106080.67;0.15;75912.18;Online;Confirmada
V00737;14/06/2025;C0017;P0007;11;25842.96;0.15;18589.68;Online;Confirmada
V00767;30/03/2024;C0025;P0010;17;28622.81;0;15802.18;SUCURSAL;Confirmada
V00353;11/03/2025;C0039;P0005;14;142560.79;0.05;76381.11;Online;Confirmada
V01045;17/06/2024;C0017;P0040;24;83769.82;0;59058.47;online;Confirmada
V00254;03/11/2024;C0054;P0017;16;34531.03;0;21329.37;Online;Confirmada
V01160;02/02/2023;C0033;P0018;40;37856.81;0;27465.62;Online;Confirmada
V00189;21/11/2025;C0010;P0006;21;131889.61;0.1;82826.49;Online;Confirmada
V00338;07/10/2023;C0028;P0034;35;127905.07;0;73820.76;Mayorista;Confirmada
V00299;16/01/2025;C0029;P0037;13;27475.59;0;20637.97;Online;Confirmada
V00256;11/09/2024;C0010;P0027;9;110752.70;0.1;61799.54;Sucursal;Confirmada
V00599;28/03/2023;C0060;P0010;11;27268.32;0.05;15802.18;online;Confirmada
V00279;08/10/2023;C0047;P0032;37;60295.82;0.05;41511.75;Mayorista;Confirmada
V00769;05/12/2024;C0060;P0009;27;39196.14;0.1;24765.50;SUCURSAL;Confirmada
V00993;15/10/2023;C0054;P0028;19;137501.74;0;83697.81;Online;Confirmada
V00948;15/03/2023;C0024;P0026;23;109352.01;0.1;75912.18;Sucursal;Confirmada
V00171;07/09/2024;C0046;P0001;6;n/d;0;88805.39;online;Confirmada
V00870;27/08/2024;C0043;P0003;29;98182.11;0;59237.27;Online;Confirmada
V00495;02/08/2024;C0031;P0035;35;97677.31;0;69092.63;SUCURSAL;Confirmada
V00945;13/02/2023;C0008;P0014;3;14000.01;0;7133.98;online;Confirmada
V00381;09/11/2024;C0031;P0034;23;136106.66;0.15;73820.76;online;Confirmada
V00398;13/08/2024;C0046;P0011;25;74783.41;0;42100.64;SUCURSAL;Confirmada
V00510;08/12/2025;C0013;P0022;29;132092.98;0;77007.76;Online;Confirmada
V01199;08/05/2024;C0059;P0008;4;153449.89;0;87430.92;Online;Confirmada
V00640;21/10/2023;C0015;P0003;7;96604.30;0.1;59237.27;online;Confirmada
V00258;08/03/2024;C0038;P0005;38;139795.76;0.15;76381.11;Mayorista;Confirmada
V00438;18/11/2024;C0003;P0001;40;127315.80;0.05;88805.39;Online;Confirmada
V00847;04/03/2023;C0050;P0019;11;44731.68;0.15;24035.97;Mayorista;Confirmada
V01133;23/09/2025;C0020;P0031;5;140297.78;0;85075.28;Mayorista;Confirmada
V00285;21/11/2024;C0005;P0033;12;166742.50;0.15;87592.08;Mayorista;Confirmada
V00155;09/09/2023;C0033;P0008;21;152553.71;0.15;87430.92;online;Confirmada
V00725;24/04/2024;C0050;P0015;11;108062.37;0;52751.77;SUCURSAL;Confirmada
V01047;24/01/2025;C0054;P0020;10;77971.85;0;45649.19;Online;Confirmada
V00880;06/05/2023;C0049;P0025;4;78231.49;0;39839.56;Mayorista;Confirmada
V00655;05/09/2024;C0028;P0016;13;6816.24;0.15;5355.27;online;Confirmada
V00446;12/10/2023;C0031;P0023;14;67098.62;0;40158.54;Mayorista;Confirmada
V00251;14/12/2024;C0047;P0009;11;43809.41;0.1;24765.50;online;Confirmada
V01127;02/09/2025;C0045;P0002;26;84439.45;0.15;45022.51;Online;Confirmada
V00139;06/10/2025;C0043;P0023;29;65243.28;0;40158.54;Mayorista;Confirmada
V00679;24/04/2025;C0009;P0037;5;29164.34;0.1;20637.97;online;Confirmada
V01185;10/12/2024;C0042;P0004;7;75361.07;0;45750.64;Sucursal;Confirmada
V00329;23/10/2024;C0035;P0032;19;67574.47;0;41511.75;SUCURSAL;Confirmada
V00447;08/05/2025;C0044;P0011;4;71216.85;0;42100.64;SUCURSAL;Confirmada
V01110;03/03/2025;C0059;P0010;2;28371.96;0.15;15802.18;Online;Confirmada
V00618;15/04/2025;C0021;P0031;29;144606.83;0.15;85075.28;Mayorista;Confirmada
V00333;08/01/2023;C0038;P0026;40;105786.45;0.1;75912.18;Online;Confirmada
V00492;06/11/2025;C0004;P0026;22;101650.05;0;75912.18;SUCURSAL;Confirmada
V00244;02/09/2024;C0046;P0014;28;12412.05;0.05;7133.98;Mayorista;Confirmada
V00219;10/07/2025;C0033;P0034;26;143104.23;0.05;73820.76;SUCURSAL;Confirmada
V00075;04/03/2025;C0028;P0006;13;150152.37;0;82826.49;SUCURSAL;Confirmada
V00596;09/09/2023;C0031;P0029;2;63814.68;0;35426.88;online;Confirmada
V00222;15/11/2025;C0050;P0039;25;37458.82;0;20257.15;Sucursal;Confirmada
V00362;29/05/2024;C0005;P0009;21;44678.67;0.15;24765.50;SUCURSAL;Confirmada
V01042;07/06/2023;C0048;P0003;32;89534.10;0.1;59237.27;SUCURSAL;Confirmada
V01139;02/07/2024;C0052;P0012;11;90654.15;0.05;62788.01;online;Confirmada
V00908;29/11/2025;C0008;P0039;27;33323.23;0.15;20257.15;online;Confirmada
V01094;07/03/2024;C0051;P0009;2;42225.22;0;24765.50;SUCURSAL;Confirmada
V00568;09/05/2023;C0032;P0003;31;91647.61;0;59237.27;Mayorista;Confirmada
V00444;09/10/2025;C0037;P0039;14;34462.23;0.1;20257.15;Online;Confirmada
V00535;10/12/2023;C0047;P0037;25;28988.99;0.15;20637.97;Sucursal;Confirmada
V00762;13/12/2024;C0042;P0007;15;29362.62;0;18589.68;Sucursal;Confirmada
V00964;23/07/2025;C0005;P0030;2;155752.26;0;79943.46;online;Confirmada
V00268;10/02/2023;C0037;P0011;3;77537.32;0;42100.64;Sucursal;Confirmada
V00690;17/09/2024;C0034;P0039;13;36294.80;0.05;20257.15;Online;Confirmada
V00989;08/06/2025;C0048;P0019;34;41486.23;0.1;24035.97;Sucursal;Confirmada
V01191;06/11/2025;C0054;P0039;19;36281.78;0.15;20257.15;Sucursal;Confirmada
V00766;29/10/2023;C0027;P0037;33;27477.47;0;20637.97;SUCURSAL;Confirmada
V00610;10/05/2025;C0042;P0033;17;164084.49;0.15;87592.08;Mayorista;Confirmada
V00613;13/11/2024;C0005;P0021;18;50506.48;0.1;30386.28;Online;Confirmada
V00962;24/10/2024;C0011;P0035;7;92144.75;0.1;69092.63;Mayorista;Confirmada
V00681;15/11/2025;C0051;P0012;9;87401.80;0;62788.01;Mayorista;Confirmada
V00422;18/08/2025;C0043;P0037;22;29822.15;0;20637.97;Online;Confirmada
V01195;04/03/2025;C0033;P0021;10;48969.53;0.15;30386.28;Online;Confirmada
V00770;19/05/2025;C0024;P0026;15;113389.89;0.15;75912.18;online;Confirmada
V00466;18/06/2025;C0021;P0034;35;144951.01;0.15;73820.76;Sucursal;Confirmada
V00062;26/08/2024;C0039;P0035;14;99324.26;0;69092.63;online;Anulada
V00144;16/07/2025;C0002;P0031;35;131467.48;0.05;85075.28;Online;Confirmada
V00893;28/10/2025;C0024;P0012;11;94552.87;0;62788.01;SUCURSAL;Confirmada
V01114;17/05/2023;C0010;P0040;40;80840.06;0.15;59058.47;SUCURSAL;Confirmada
V00650;24/07/2024;C0019;P0007;32;28980.39;0.1;18589.68;Online;Confirmada
V00142;03/08/2024;C0013;P0004;40;79863.12;0.15;45750.64;Mayorista;Confirmada
V00379;26/09/2023;C0027;P0029;33;58504.64;0;35426.88;online;Confirmada
V01129;28/07/2024;C0041;P0001;39;144733.39;0;88805.39;Online;Confirmada
V00356;03/09/2025;C0018;P0003;9;101327.79;0;59237.27;SUCURSAL;Confirmada
V00098;13/09/2023;C0004;P0029;6;59548.02;0;35426.88;online;Confirmada
V00287;08/03/2023;C0016;P0005;37;143964.14;0;76381.11;SUCURSAL;Confirmada
V00588;30/06/2023;C0047;P0010;29;27662.41;0;15802.18;Online;Confirmada
V01125;09/04/2025;C0035;P0020;12;86959.12;0;45649.19;Mayorista;Confirmada
V00867;16/01/2025;C0039;P0035;7;106413.40;0.05;69092.63;SUCURSAL;Confirmada
V00093;14/08/2023;;P0028;38;138570.52;0;83697.81;Mayorista;Confirmada
V00183;13/09/2025;C0049;P0019;1;40784.74;0.15;24035.97;Mayorista;Confirmada
V00086;04/10/2023;C0040;P0007;14;25698.25;0.05;18589.68;SUCURSAL;Confirmada
V00132;24/11/2023;C0039;P0010;29;25334.49;0;15802.18;SUCURSAL;Confirmada
V00308;26/12/2024;;P0002;14;77073.97;0.1;45022.51;Online;Confirmada
V00783;10/07/2023;C0025;P0026;23;106768.19;0;75912.18;Mayorista;Confirmada
V01116;02/06/2024;C0016;P0029;38;65468.16;0.1;35426.88;Online;Confirmada
V00004;29/05/2023;C0014;P0002;40;81831.17;0;45022.51;Online;Confirmada
V00097;10/04/2024;C0059;P0024;30;81129.15;0.1;54866.45;Online;Confirmada
V00037;19/05/2023;C0004;P0005;2;131976.70;0.15;76381.11;online;Confirmada
V00606;29/12/2024;C0046;P0027;37;122312.34;0;61799.54;Online;Confirmada
V00861;22/01/2025;C0044;P0019;22;43361.32;0.1;24035.97;Online;Confirmada
V00556;11/04/2024;C0015;P0037;14;27193.99;0.15;20637.97;Mayorista;Confirmada
V00367;22/04/2024;C0042;P0029;36;64100.50;0;35426.88;Online;Confirmada
V00793;19/11/2025;C0043;P0038;1;51397.26;0.15;30948.72;Sucursal;Confirmada
V00128;21/10/2025;C0056;P0037;13;30179.77;0;20637.97;Mayorista;Confirmada
V00746;17/11/2023;C0005;P0011;11;69943.81;0.15;42100.64;online;Confirmada
V00157;12/01/2024;C0007;P0001;28;137618.79;0.15;88805.39;Sucursal;Confirmada
V00079;25/07/2023;C0013;P0036;3;13342.59;0.1;9624.01;Mayorista;Confirmada
V00129;29/12/2023;C0047;P0038;25;48623.32;0;30948.72;Mayorista;Confirmada
V00842;09/04/2025;C0013;P0022;12;142956.53;0.15;77007.76;Online;Confirmada
V01031;10/11/2023;C0011;P0020;2;86745.73;0.15;45649.19;Online;Confirmada
V00997;28/07/2024;C0012;P0032;27;64913.71;0;41511.75;Online;Confirmada
V00195;16/11/2023;C0057;P0029;27;63988.34;0;35426.88;online;Confirmada
V01093;22/04/2025;C0019;P0016;2;7713.95;0;5355.27;online;Confirmada
V00049;12/12/2024;C0040;P0003;35;94908.92;0;59237.27;online;Confirmada
V00185;09/01/2023;C0053;P0011;15;70456.56;0;42100.64;Online;Confirmada
V00002;26/07/2023;C0002;P0007;29;30013.85;0;18589.68;online;Confirmada
V00238;09/05/2025;C0060;P0011;19;74050.22;0;42100.64;Online;Confirmada
V00478;16/03/2024;C0038;P0006;18;139542.17;0.05;82826.49;Mayorista;Confirmada
V00662;08/07/2024;C0013;P0001;12;132216.46;0;88805.39;Mayorista;Confirmada
V00460;01/07/2024;C0014;P0009;14;41070.74;0.1;24765.50;Online;Confirmada
V01153;23/06/2025;C0028;P0017;33;31174.80;0.1;21329.37;SUCURSAL;Confirmada
V00703;01/12/2023;C0020;P0018;10;35068.45;0;27465.62;online;Confirmada
V00683;22/05/2025;C0056;P0035;34;96368.01;0;69092.63;Online;Confirmada
V00451;18/01/2024;C0030;P0012;8;98172.60;0;62788.01;Sucursal;Confirmada
V00023;03/07/2025;C0043;P0001;2;131357.42;0;88805.39;SUCURSAL;Confirmada
V00564;14/07/2025;C0030;P0017;31;34440.09;0.05;21329.37;Online;Confirmada
V00798;23/05/2024;C0049;P0035;5;106350.03;0.1;69092.63;SUCURSAL;Confirmada
V00827;03/07/2025;C0043;P0024;10;84877.79;0;54866.45;Online;Confirmada
V00163;08/07/2023;C0045;P0010;26;25393.06;0;15802.18;Mayorista;Confirmada
V00108;09/12/2025;C0006;P0026;5;105941.02;0;75912.18;SUCURSAL;Confirmada
V00325;21/01/2025;C0018;P0018;25;36345.51;0;27465.62;Mayorista;Confirmada
V00745;17/04/2024;C0005;P0021;39;48093.62;0.15;30386.28;SUCURSAL;Confirmada
V00063;23/04/2023;C0024;P0037;4;26908.13;0;20637.97;online;Confirmada
V00331;13/02/2024;C0049;P0019;11;41704.84;0.15;24035.97;Sucursal;Confirmada
V00241;22/03/2025;C0010;P0006;24;138301.15;0;82826.49;online;Confirmada
V00387;17/12/2023;C0015;P0003;10;91783.39;0.15;59237.27;SUCURSAL;Confirmada
V00709;13/11/2024;C0034;P0036;2;15155.33;0;9624.01;SUCURSAL;Confirmada
V00755;03/11/2024;C0021;P0017;23;31380.71;0.15;21329.37;Mayorista;Confirmada
V00580;23/10/2025;C0035;P0040;34;84440.06;0;59058.47;Mayorista;Confirmada
V00193;27/06/2024;C0044;P0026;24;106381.21;0.15;75912.18;online;Confirmada
V00309;30/06/2025;C0011;P0001;28;128022.87;0;88805.39;Mayorista;Confirmada
V00747;16/12/2024;C0016;P0040;3;82288.83;0.05;59058.47;online;Confirmada
V01025;30/07/2025;C0042;P0023;25;67659.81;0.1;40158.54;Online;Confirmada
V00733;15/02/2024;C0036;P0034;29;146074.56;0.15;73820.76;Mayorista;Confirmada
V01117;05/07/2023;C0047;P0014;33;12684.73;0;7133.98;SUCURSAL;Confirmada
V00889;29/09/2025;C0018;P0003;34;88802.83;0.1;59237.27;Mayorista;Confirmada
V00259;05/02/2024;C0050;P0003;40;97271.83;0.15;59237.27;Mayorista;Confirmada
V00663;13/11/2024;C0036;P0038;15;53529.39;0;30948.72;Online;Confirmada
V00424;31/03/2025;C0011;P0022;35;130655.47;0.1;77007.76;Mayorista;Confirmada
V00239;19/02/2024;C0021;P0015;7;99004.29;0;52751.77;SUCURSAL;Confirmada
V00452;02/09/2023;C0008;P0023;23;65019.75;0;40158.54;Sucursal;Confirmada
V00033;21/10/2025;C0052;P0014;31;12049.48;0.05;7133.98;Online;Confirmada
V00022;29/07/2023;C0043;P0013;3;37542.16;0.05;26313.27;Mayorista;Confirmada
V00113;03/07/2024;C0002;P0031;18;143921.88;0;85075.28;Sucursal;Confirmada
V01046;18/10/2024;C0055;P0034;29;131178.08;0;73820.76;Mayorista;Confirmada
V00803;01/07/2025;C0044;P0012;8;101348.41;0.1;62788.01;Online;Confirmada
V00959;20/12/2024;C0009;P0039;19;34761.91;0.1;20257.15;Sucursal;Confirmada
V00952;23/04/2025;C0036;P0038;15;55319.83;0.15;30948.72;SUCURSAL;Confirmada
V00432;09/02/2024;C0018;P0010;22;27865.30;0.1;15802.18;SUCURSAL;Confirmada
V00335;03/10/2023;C0035;P0001;17;131331.80;0.1;88805.39;SUCURSAL;Confirmada
V00267;07/07/2023;C0045;P0034;32;141141.75;0;73820.76;Online;Confirmada
V00531;15/11/2025;C0047;P0031;8;139153.37;0.1;85075.28;online;Confirmada
V00501;30/05/2023;C0033;P0006;8;148928.33;0;82826.49;SUCURSAL;Confirmada
V00680;16/05/2024;C0018;P0017;23;34281.44;0.1;21329.37;Online;Confirmada
V01039;10/11/2025;C0033;P0024;2;78584.40;0;54866.45;SUCURSAL;Confirmada
V01057;16/01/2024;C0039;P0026;4;111348.43;0;75912.18;Sucursal;Confirmada
V00512;21/03/2024;C0038;P0002;19;76934.63;0;45022.51;SUCURSAL;Confirmada
V00844;14/05/2024;C0014;P0037;28;29578.40;0;20637.97;Mayorista;Confirmada
V00881;28/09/2024;C0046;P0035;39;107213.66;0;69092.63;Mayorista;Confirmada
V00026;24/05/2025;C0014;P0026;3;115819.29;0.1;75912.18;online;Confirmada
V00797;23/09/2024;C0014;P0025;24;70207.09;0;39839.56;online;Anulada
V00565;24/02/2024;C0019;P0014;35;13778.61;0.15;7133.98;Mayorista;Confirmada
V00177;27/08/2024;C0018;P0026;24;102923.58;0.05;75912.18;Online;Confirmada
V00036;28/11/2023;C0016;P0004;40;75693.33;0.1;45750.64;Sucursal;Confirmada
V00247;29/01/2023;C0015;P0036;37;15209.90;0.1;9624.01;Online;Confirmada
V00961;18/03/2025;C0017;P0003;16;91611.24;0;59237.27;Mayorista;Confirmada
V00785;13/07/2025;C0040;P0018;18;38014.12;0.15;27465.62;Online;Confirmada
V00543;01/05/2024;C0005;P0030;25;137772.84;0;79943.46;Sucursal;Confirmada
V00181;09/03/2024;C0042;P0025;17;74397.12;0.05;39839.56;SUCURSAL;Confirmada
V00255;07/07/2025;C0042;P0002;18;81650.15;0.1;45022.51;Mayorista;Confirmada
V00612;25/09/2024;C0041;P0038;21;54782.72;0;30948.72;Online;Confirmada
V00589;05/09/2025;C0013;P0015;30;107375.99;0;52751.77;online;Confirmada
V00430;02/08/2023;C0056;P0012;37;87878.19;0.15;62788.01;Online;Confirmada
V00506;02/03/2024;C0020;P0035;25;101923.14;0;69092.63;SUCURSAL;Confirmada
V00587;08/11/2024;C0047;P0018;25;37564.65;0;27465.62;Online;Confirmada
V00843;01/08/2024;C0008;P0007;22;25962.51;0;18589.68;Online;Confirmada
V00780;23/01/2023;C0043;P0026;9;112550.74;0.1;75912.18;SUCURSAL;Confirmada
V01021;07/11/2025;C0013;P0026;10;107406.70;0;75912.18;Mayorista;Confirmada
V00323;09/02/2025;C0033;P0007;39;28621.41;0.15;18589.68;online;Confirmada
V00990;04/06/2025;C0031;P0026;29;114208.23;0;75912.18;online;Confirmada
V00938;13/08/2025;C0046;P0014;20;13704.53;0.05;7133.98;SUCURSAL;Confirmada
V00645;29/11/2023;C0025;P0028;6;127259.81;0.05;83697.81;Sucursal;Confirmada
V01192;17/12/2023;C0047;P0019;11;43306.49;0.15;24035.97;Mayorista;Confirmada
V01132;24/12/2025;C0005;P0018;5;39341.73;0;27465.62;SUCURSAL;Confirmada
V01064;28/06/2025;C0023;P0023;39;67690.33;0;40158.54;SUCURSAL;Confirmada
V01051;16/10/2024;C0044;P0030;24;143208.12;0.1;79943.46;online;Confirmada
V00264;21/12/2024;C0046;P0014;21;13675.54;0.05;7133.98;Online;Confirmada
V00691;25/09/2025;C0035;P0019;27;46375.76;0.05;24035.97;online;Confirmada
V00664;16/01/2023;C0022;P0019;27;44334.25;0.15;24035.97;SUCURSAL;Confirmada
V00319;22/07/2025;;P0004;38;78910.23;0;45750.64;Mayorista;Confirmada
V00507;29/03/2025;C0049;P0032;28;59865.74;0;41511.75;Online;Confirmada
V00934;07/10/2023;C0015;P0006;12;143874.56;0.05;82826.49;Sucursal;Confirmada
V00376;26/10/2025;C0008;P0036;2;13747.60;0;9624.01;Mayorista;Confirmada
V00597;09/01/2025;C0018;P0010;19;28697.07;0;15802.18;SUCURSAL;Confirmada
V00454;11/02/2025;C0035;P0028;13;125782.95;0;83697.81;Mayorista;Confirmada
V00044;24/11/2025;C0018;P0018;29;35458.83;0.15;27465.62;Sucursal;Confirmada
V00772;17/09/2025;C0018;P0022;24;133038.44;0.1;77007.76;Mayorista;Confirmada
V00584;04/04/2023;C0055;P0035;6;107590.34;0.15;69092.63;online;Confirmada
V01017;14/09/2024;C0034;P0006;27;136306.28;0.05;82826.49;Mayorista;Confirmada
V00811;08/05/2024;C0008;P0001;29;147635.32;0.15;88805.39;online;Confirmada
V00490;13/09/2023;C0060;P0029;8;62864.28;0.05;35426.88;Online;Confirmada
V00208;14/09/2024;C0029;P0040;25;88906.27;0;59058.47;SUCURSAL;Confirmada
V00439;06/06/2023;C0047;P0017;11;31461.15;0.05;21329.37;online;Confirmada
V00937;06/09/2023;C0021;P0003;13;93974.01;0;59237.27;Mayorista;Confirmada
V00259;05/02/2024;C0050;P0003;40;97271.83;0.15;59237.27;Mayorista;Confirmada
V00020;10/07/2024;C0039;P0031;38;144762.90;0;85075.28;Mayorista;Confirmada
V01113;28/02/2025;C0011;P0005;38;143015.23;0.05;76381.11;online;Confirmada
V00988;23/03/2023;C0052;P0006;34;139546.12;0;82826.49;SUCURSAL;Confirmada
V00311;10/05/2025;C0008;P0037;27;28738.23;0.05;20637.97;Online;Confirmada
V00262;02/12/2025;C0009;P0009;11;40243.85;0;24765.50;online;Confirmada
V00461;22/03/2023;C0017;P0001;13;130733.41;0;88805.39;online;Confirmada
V00429;07/02/2024;C0004;P0033;2;155884.89;0.1;87592.08;Online;Confirmada
V00626;19/06/2025;C0019;P0015;32;94903.23;0.15;52751.77;Online;Confirmada
V00869;17/01/2023;C0024;P0009;6;39801.79;0;24765.50;Sucursal;Confirmada
V01080;01/05/2024;C0008;P0030;19;140179.56;0.1;79943.46;Online;Confirmada
V00172;07/12/2023;C0043;P0002;1;81818.75;0.1;45022.51;Online;Confirmada
V00608;09/10/2024;C0054;P0027;7;127239.62;0;61799.54;SUCURSAL;Confirmada
V00714;17/11/2024;C0010;P0003;7;92752.62;0.15;59237.27;online;Confirmada
V00693;09/11/2024;C0041;P0018;29;39021.98;0;27465.62;SUCURSAL;Confirmada
V00464;09/08/2025;C0053;P0032;40;65216.31;0;41511.75;online;Confirmada
V00727;04/03/2025;C0024;P0026;19;101015.79;0.15;75912.18;Online;Confirmada
V00493;16/05/2024;C0033;P0020;28;84605.49;0;45649.19;Online;Confirmada
V00860;31/05/2023;C0039;P0010;26;26820.25;0.1;15802.18;Online;Confirmada
V01041;27/04/2025;C0001;P0039;8;35494.82;0.1;20257.15;Mayorista;Confirmada
V00337;04/02/2024;C0011;P0017;6;34192.85;0;21329.37;Sucursal;Confirmada
V00629;09/11/2024;C0034;P0009;11;38917.18;0.05;24765.50;Sucursal;Confirmada
V00441;30/12/2024;C0051;P0023;39;60573.63;0;40158.54;online;Confirmada
V00723;21/02/2025;C0008;P0015;32;104297.42;0;52751.77;Sucursal;Confirmada
V00001;05/07/2025;C0033;P0033;40;163083.75;0.15;87592.08;online;Confirmada
V01197;16/08/2023;C0042;P0028;30;134302.69;0;83697.81;Sucursal;Confirmada
V00305;13/09/2023;C0027;P0040;3;84633.16;0;59058.47;Mayorista;Confirmada
V00431;02/11/2024;C0009;P0006;38;130528.72;0.1;82826.49;Online;Confirmada
V00552;28/04/2025;C0010;P0019;19;45948.09;0;24035.97;Online;Confirmada
V00749;02/12/2023;C0031;P0030;38;149817.12;0.05;79943.46;Online;Confirmada
V00082;22/08/2023;C0022;P0014;28;13133.82;0.15;7133.98;Online;Confirmada
V01058;19/12/2023;C0010;P0004;18;74965.68;0;45750.64;SUCURSAL;Confirmada
V00788;24/07/2025;C0002;P0021;21;n/d;0.15;30386.28;online;Confirmada
V01182;29/06/2023;C0002;P0018;31;38030.61;0;27465.62;Mayorista;Confirmada
V00944;15/09/2025;C0047;P0010;23;27352.02;0;15802.18;online;Confirmada
V00201;18/01/2024;C0006;P0034;6;128500.74;0;73820.76;Mayorista;Confirmada
V00707;05/09/2025;C0044;P0038;6;48711.80;0.05;30948.72;online;Confirmada
V00685;01/10/2024;C0034;P0022;12;139074.09;0;77007.76;Sucursal;Confirmada
V00161;16/06/2024;C0045;P0014;10;13917.82;0;7133.98;online;Confirmada
V01054;23/10/2023;C0034;P0023;13;66521.32;0.15;40158.54;Sucursal;Confirmada
V01181;02/06/2023;C0027;P0030;5;155072.43;0;79943.46;Mayorista;Confirmada
V00511;21/06/2023;C0040;P0007;2;28892.18;0;18589.68;Mayorista;Confirmada
V00054;14/07/2024;C0017;P0021;37;53977.71;0.05;30386.28;Mayorista;Confirmada
V01044;17/05/2024;C0036;P0016;21;7489.86;0;5355.27;online;Confirmada
V01052;09/09/2024;C0054;P0001;30;126698.70;0.15;88805.39;online;Confirmada
V00284;31/01/2024;C0001;P0006;2;134178.65;0.15;82826.49;Mayorista;Confirmada
V00288;14/06/2023;C0014;P0004;40;75820.60;0.1;45750.64;SUCURSAL;Confirmada
V00058;23/02/2023;C0014;P0033;6;161829.73;0;87592.08;Mayorista;Confirmada
V01108;27/08/2023;C0009;P0004;13;85821.68;0.05;45750.64;SUCURSAL;Confirmada
V00474;18/12/2023;C0056;P0021;11;50164.84;0.1;30386.28;Online;Confirmada
V00275;01/09/2025;C0053;P0015;22;98738.20;0.05;52751.77;SUCURSAL;Confirmada
V00973;05/11/2025;C0016;P0022;28;141631.29;0.05;77007.76;SUCURSAL;Confirmada
V00230;07/04/2025;C0042;P0031;1;152772.65;0;85075.28;Mayorista;Confirmada
V00143;10/06/2025;C0028;P0003;35;100739.57;0;59237.27;online;Confirmada
V00605;26/09/2024;C0039;P0004;27;74628.48;0.05;45750.64;Mayorista;Confirmada
V01079;01/02/2023;C0039;P0027;13;123966.37;0.1;61799.54;Online;Confirmada
V00698;07/06/2023;C0038;P0021;17;48064.89;0;30386.28;Online;Confirmada
V00529;14/02/2023;C0005;P0001;2;145750.32;0.05;88805.39;Sucursal;Confirmada
V00370;19/11/2023;C0004;P0024;37;80314.17;0.1;54866.45;Mayorista;Confirmada
V00742;22/01/2025;C0025;P0010;22;25571.95;0;15802.18;Sucursal;Confirmada
V00633;05/12/2023;C0025;P0012;5;95293.67;0.05;62788.01;Sucursal;Confirmada
V00895;25/06/2023;C0010;P0033;36;157951.78;0.05;87592.08;Mayorista;Confirmada
V00223;21/03/2025;C0016;P0004;37;81475.24;0.15;45750.64;online;Confirmada
V01030;13/05/2023;C0031;P0002;39;85524.59;0;45022.51;SUCURSAL;Confirmada
V00819;09/09/2025;C0038;P0009;35;43359.48;0;24765.50;Online;Confirmada
V00877;23/06/2025;C0009;P0013;29;35470.73;0;26313.27;Online;Confirmada
V00573;06/08/2023;C0059;P0023;12;61702.26;0.05;40158.54;Sucursal;Confirmada
V01036;20/12/2025;C0050;P0018;8;35892.99;0;27465.62;Online;Confirmada
V00382;29/12/2025;C0052;P0003;13;101508.02;0.15;59237.27;Sucursal;Confirmada
V00095;22/01/2023;C0036;P0035;18;105150.99;0;69092.63;Online;Confirmada
V00526;09/02/2025;C0046;P0005;32;151311.87;0.15;76381.11;Mayorista;Confirmada
V00154;26/02/2024;C0025;P0017;11;34839.08;0.05;21329.37;online;Confirmada
V00225;09/04/2025;C0044;P0012;13;99630.68;0;62788.01;online;Confirmada
V00502;21/09/2023;C0041;P0029;22;61431.85;0.05;35426.88;online;Confirmada
V00019;06/07/2024;C0055;P0034;36;127971.18;0;73820.76;online;Confirmada
V00343;05/08/2025;C0053;P0032;10;64607.92;0.15;41511.75;Online;Confirmada
V00316;11/03/2025;C0011;P0023;14;66642.67;0;40158.54;online;Confirmada
V00455;04/04/2024;C0025;P0007;8;27844.03;0;18589.68;Online;Confirmada
V00865;12/09/2025;C0043;P0008;20;166438.60;0.15;87430.92;Mayorista;Confirmada
V01137;30/08/2024;C0031;P0015;6;97841.26;0;52751.77;Sucursal;Confirmada
V01189;09/09/2023;C0023;P0007;21;26540.03;0.15;18589.68;Sucursal;Confirmada
V00260;19/02/2024;C0046;P0023;10;67356.55;0.05;40158.54;Online;Confirmada
V00505;19/11/2025;C0060;P0025;11;73484.73;0;39839.56;Sucursal;Confirmada
V00514;31/01/2023;C0015;P0025;5;74523.94;0;39839.56;Online;Confirmada
V00541;24/12/2024;C0033;P0017;13;33371.71;0.05;21329.37;Mayorista;Confirmada
V00661;25/10/2024;C0024;P0020;36;84992.34;0.05;45649.19;Sucursal;Confirmada
V00231;26/07/2024;C0017;P0032;18;60639.27;0.1;41511.75;Online;Confirmada
V01010;13/01/2024;C0041;P0005;27;145528.04;0.1;76381.11;SUCURSAL;Confirmada
V01002;28/04/2025;C0014;P0020;34;76676.65;0;45649.19;SUCURSAL;Confirmada
V00528;18/09/2023;C0034;P0004;18;75399.68;0;45750.64;online;Confirmada
V00738;02/04/2023;C0015;P0005;38;132138.89;0;76381.11;online;Confirmada
V00911;14/08/2025;C0018;P0029;12;66502.25;0.15;35426.88;Mayorista;Confirmada
V00887;07/01/2024;C0055;P0013;34;38367.60;0;26313.27;SUCURSAL;Confirmada
V00273;22/12/2025;C0016;P0002;13;85994.39;0.05;45022.51;Mayorista;Confirmada
V00705;18/01/2024;C0005;P0021;22;50384.67;0.15;30386.28;Online;Confirmada
V00025;05/11/2023;C0036;P0012;13;93114.16;0;62788.01;Online;Confirmada
V00067;03/03/2023;C0012;P0004;40;81657.41;0;45750.64;SUCURSAL;Confirmada
V00634;18/12/2023;C0055;P0025;20;68847.51;0;39839.56;Sucursal;Confirmada
V00764;12/04/2024;C0030;P0005;3;137369.37;0.05;76381.11;SUCURSAL;Confirmada
V01168;24/04/2025;C0025;P0013;8;34725.74;0;26313.27;SUCURSAL;Confirmada
V00065;06/05/2025;C0040;P0037;17;27717.95;0.1;20637.97;Mayorista;Confirmada
V00402;04/01/2024;C0055;P0021;35;47749.05;0;30386.28;Online;Confirmada
V00833;27/05/2025;C0021;P0019;7;44117.38;0;24035.97;SUCURSAL;Confirmada
V00286;01/12/2023;C0031;P0031;16;147571.24;0.05;85075.28;Sucursal;Confirmada
V01059;31/03/2025;C0052;P0003;32;92033.73;0;59237.27;Mayorista;Confirmada
V00486;10/02/2023;C0038;P0002;28;83701.72;0.15;45022.51;SUCURSAL;Confirmada
V00624;21/07/2024;C0032;P0012;25;94175.64;0.1;62788.01;online;Confirmada
V00123;13/12/2023;C0033;P0009;17;41951.17;0;24765.50;Sucursal;Confirmada
V00913;26/06/2025;C0015;P0011;16;78889.26;0;42100.64;Online;Confirmada
V00667;13/11/2025;C0040;P0037;18;27287.75;0.15;20637.97;Online;Confirmada
V00674;15/04/2024;C0059;P0004;7;82138.54;0;45750.64;Mayorista;Confirmada
V00413;01/10/2024;C0020;P0029;33;58500.88;0;35426.88;SUCURSAL;Confirmada
V00109;10/07/2024;C0030;P0019;2;44748.93;0;24035.97;SUCURSAL;Confirmada
V00459;28/09/2023;C0045;P0016;6;6854.98;0;5355.27;Mayorista;Confirmada
V00804;29/12/2025;C0048;P0004;35;75545.33;0;45750.64;Sucursal;Confirmada
V00420;23/06/2024;C0014;P0030;36;155003.86;0.1;79943.46;online;Confirmada
V00672;05/09/2025;C0028;P0006;19;142958.79;0.1;82826.49;online;Confirmada
V00839;17/09/2023;C0008;P0016;21;7239.75;0.05;5355.27;Mayorista;Confirmada
V00912;04/06/2024;C0051;P0035;25;98807.85;0.15;69092.63;Sucursal;Confirmada
V00572;08/05/2025;C0008;P0009;7;42935.15;0.1;24765.50;SUCURSAL;Confirmada
V00718;30/12/2024;C0020;P0021;5;50978.65;0.15;30386.28;online;Confirmada
V00756;15/08/2023;C0017;P0009;15;43449.20;0;24765.50;Sucursal;Confirmada
V00293;03/04/2025;C0051;P0022;4;140214.77;0;77007.76;Mayorista;Confirmada
V00820;09/04/2023;C0057;P0009;4;43972.95;0.05;24765.50;Mayorista;Confirmada
V00437;26/04/2023;C0038;P0036;24;14307.21;0.15;9624.01;Mayorista;Confirmada
V00394;20/12/2024;C0003;P0011;13;78535.57;0.15;42100.64;Sucursal;Confirmada
V00622;11/04/2024;C0029;P0038;38;54092.15;0.15;30948.72;Mayorista;Confirmada
V00814;02/08/2025;C0053;P0012;26;96626.72;0;62788.01;Mayorista;Confirmada
V00701;15/08/2025;C0030;P0031;27;133068.61;0;85075.28;Online;Confirmada
V00106;13/08/2023;C0005;P0036;6;14620.15;0.15;9624.01;online;Confirmada
V00377;28/12/2023;C0035;P0028;8;139630.90;0.1;83697.81;Mayorista;Confirmada
V00963;07/06/2024;C0019;P0001;24;127531.44;0.1;88805.39;online;Confirmada
V00175;28/11/2025;C0046;P0013;27;40351.65;0.15;26313.27;Mayorista;Confirmada
V00536;01/04/2024;C0044;P0029;9;61972.69;0.05;35426.88;Online;Confirmada
V00465;25/09/2023;C0003;P0028;22;144620.60;0;83697.81;Sucursal;Confirmada
V00923;25/07/2025;C0023;P0019;19;43755.72;0;24035.97;Online;Confirmada
V00771;26/12/2023;C0027;P0031;28;131157.77;0.05;85075.28;SUCURSAL;Confirmada
V00077;23/05/2023;C0013;P0011;5;69707.55;0;42100.64;Sucursal;Confirmada
V00623;02/03/2023;C0024;P0037;15;30002.32;0;20637.97;online;Confirmada
V00307;17/10/2025;C0001;P0005;;152032.85;0;76381.11;Mayorista;Confirmada
V00878;30/01/2024;C0023;P0016;37;7665.01;0.15;5355.27;SUCURSAL;Confirmada
V00704;14/04/2025;C0003;P0026;30;102719.31;0.15;75912.18;Sucursal;Confirmada
V00440;06/10/2025;C0047;P0039;27;33312.52;0;20257.15;online;Confirmada
V01005;31/07/2023;C0015;P0005;22;142693.40;0.1;76381.11;SUCURSAL;Confirmada
V00687;28/12/2025;C0003;P0022;24;136080.65;0.15;77007.76;SUCURSAL;Confirmada
V00463;17/05/2025;C0002;P0019;38;42852.94;0;24035.97;Mayorista;Confirmada
V00456;26/04/2024;C0045;P0005;24;135454.62;0.15;76381.11;Sucursal;Confirmada
V00979;25/05/2024;C0015;P0022;11;139119.58;0.05;77007.76;Mayorista;Confirmada
V00253;16/02/2023;C0037;P0033;37;148791.44;0;87592.08;Sucursal;Confirmada
V00852;09/11/2024;C0030;P0019;10;46904.98;0.05;24035.97;SUCURSAL;Confirmada
V00859;30/07/2024;C0029;P0015;8;98457.76;0;52751.77;Mayorista;Confirmada
V00462;24/11/2025;C0044;P0011;36;71489.76;0;42100.64;Mayorista;Confirmada
V00052;18/06/2025;C0034;P0017;22;31729.69;0.1;21329.37;SUCURSAL;Confirmada
V00301;02/03/2025;C0020;P0002;9;76623.47;0;45022.51;Sucursal;Confirmada
V00066;28/11/2025;C0038;P0036;32;13339.63;0;9624.01;SUCURSAL;Confirmada
V00967;27/12/2024;C0045;P0019;11;41402.31;0;24035.97;Online;Confirmada
V00971;25/09/2024;C0037;P0014;21;12847.55;0.15;7133.98;Sucursal;Confirmada
V01020;27/06/2024;C0024;P0003;21;98611.29;0.1;59237.27;Mayorista;Confirmada
V00699;28/09/2023;C0053;P0029;3;65940.39;0.05;35426.88;SUCURSAL;Confirmada
V01186;17/09/2023;C0004;P0013;31;37124.03;0.05;26313.27;online;Confirmada
V00117;20/07/2023;C0018;P0033;17;159564.34;0;87592.08;Online;Confirmada
V00559;16/05/2024;C0013;P0007;31;26136.92;0;18589.68;Sucursal;Confirmada
V00550;09/05/2024;;P0001;29;145304.49;0;88805.39;online;Confirmada
V00409;29/07/2025;C0014;P0030;;137065.13;0;79943.46;Mayorista;Confirmada
V00469;13/11/2023;C0024;P0011;32;72514.66;0.15;42100.64;Online;Confirmada
V00905;09/08/2025;C0044;P0002;30;n/d;0.15;45022.51;online;Confirmada
V00953;06/10/2024;C0048;P0014;18;12623.88;0;7133.98;Sucursal;Confirmada
V00375;29/10/2023;C0003;P0035;25;103186.57;0;69092.63;Sucursal;Confirmada
V00919;13/09/2024;C0005;P0011;30;72176.97;0;42100.64;Online;Confirmada
V00481;20/02/2024;C0013;P0028;38;142698.80;0;83697.81;Mayorista;Confirmada
V00654;28/11/2023;C0023;P0008;30;157872.02;0;87430.92;Online;Confirmada
V00965;23/09/2025;C0044;P0002;8;83690.81;0.05;45022.51;Online;Confirmada
V00235;22/07/2024;C0015;P0028;16;128554.52;0;83697.81;Sucursal;Confirmada
V01112;24/05/2025;C0024;P0032;33;59506.52;0.05;41511.75;online;Confirmada
V01119;10/08/2024;C0007;P0012;31;95484.00;0;62788.01;Online;Confirmada
V01072;19/04/2023;C0027;P0011;12;67969.53;0.1;42100.64;Sucursal;Confirmada
V00566;03/09/2025;C0051;P0018;4;36382.55;0;27465.62;Online;Confirmada
V00192;12/04/2024;C0017;P0005;27;137802.61;0.05;76381.11;SUCURSAL;Confirmada
V01004;05/03/2025;C0015;P0007;26;27151.30;0.05;18589.68;Online;Confirmada
V01173;02/09/2023;C0056;P0016;31;7172.60;0.1;5355.27;Online;Confirmada
V01014;22/10/2023;C0027;P0006;11;140901.76;0.1;82826.49;online;Confirmada
V00116;19/01/2025;C0048;P0027;2;111151.79;0;61799.54;online;Confirmada
V00328;03/04/2023;C0003;P0028;29;136758.27;0.15;83697.81;SUCURSAL;Confirmada
V00141;03/07/2024;C0023;P0010;7;25777.25;0.15;15802.18;Mayorista;Confirmada
V00015;19/01/2023;C0007;P0028;33;133361.05;0;83697.81;Sucursal;Confirmada
V00046;30/12/2024;C0004;P0032;15;58101.97;0;41511.75;Sucursal;Confirmada
V01147;23/07/2024;C0001;P0036;31;15236.93;0.15;9624.01;Sucursal;Confirmada
V01142;18/11/2024;C0046;P0010;33;27878.99;0.15;15802.18;SUCURSAL;Confirmada
V01081;19/05/2025;C0044;P0003;37;97876.53;0;59237.27;online;Confirmada
V01056;05/01/2025;C0019;P0028;32;132835.72;0;83697.81;Online;Confirmada
V00136;13/03/2025;C0021;P0038;2;53440.42;0.05;30948.72;online;Confirmada
V01198;23/09/2024;C0037;P0005;16;139309.37;0;76381.11;online;Confirmada
V00921;07/10/2024;C0018;P0040;5;80729.96;0;59058.47;Mayorista;Confirmada
V00236;06/11/2024;C0010;P0025;36;78510.75;0;39839.56;Mayorista;Confirmada
V00388;16/01/2025;C0020;P0018;32;37124.10;0;27465.62;SUCURSAL;Confirmada
V00357;11/11/2024;C0017;P0009;38;43467.24;0.05;24765.50;online;Confirmada
V00014;07/05/2024;C0020;P0038;20;56691.10;0;30948.72;online;Confirmada
V00103;21/12/2024;C0001;P0005;4;135024.64;0;76381.11;Online;Confirmada
V00983;25/08/2023;C0049;P0002;27;86388.86;0.05;45022.51;Mayorista;Confirmada
V01095;30/12/2024;C0029;P0009;4;44909.14;0.1;24765.50;SUCURSAL;Confirmada
V01176;11/05/2025;C0050;P0007;1;28336.96;0.1;18589.68;online;Confirmada
V00551;29/05/2024;C0036;P0014;12;13638.90;0.05;7133.98;Mayorista;Confirmada
V00035;03/05/2025;C0037;P0029;17;66089.49;0;35426.88;Mayorista;Confirmada
V00841;22/05/2025;C0016;P0014;24;12521.95;0.15;7133.98;Sucursal;Confirmada
V01071;25/10/2025;C0045;P0027;40;123216.43;0.05;61799.54;SUCURSAL;Confirmada
V00053;16/11/2025;C0049;P0016;19;6771.38;0.15;5355.27;Mayorista;Confirmada
V00057;20/11/2023;C0041;P0011;24;69965.84;0.05;42100.64;online;Confirmada
V00060;26/10/2025;C0030;P0009;18;40210.63;0;24765.50;SUCURSAL;Confirmada
V00032;27/11/2025;C0043;P0019;29;44037.00;0.15;24035.97;SUCURSAL;Confirmada
V00350;11/04/2025;C0046;P0025;3;77111.49;0.1;39839.56;Sucursal;Confirmada
V00078;22/02/2025;C0030;P0037;24;28329.25;0.05;20637.97;Sucursal;Confirmada
V00418;13/09/2025;C0029;P0029;11;61667.37;0.05;35426.88;SUCURSAL;Confirmada
V01040;02/12/2024;C0029;P0037;24;29258.43;0;20637.97;Sucursal;Confirmada
V00625;27/06/2023;C0006;P0013;30;34722.95;0.05;26313.27;online;Confirmada
V00768;09/09/2024;C0013;P0009;9;40728.85;0;24765.50;online;Confirmada
V01164;17/10/2025;C0038;P0018;34;39621.83;0;27465.62;Mayorista;Confirmada
V00600;09/05/2023;C0039;P0017;32;32469.24;0.1;21329.37;Online;Confirmada
V00187;27/11/2025;C0001;P0008;33;168819.94;0;87430.92;SUCURSAL;Confirmada
V00636;21/12/2024;C0048;P0013;36;35725.70;0;26313.27;Sucursal;Confirmada
V00298;27/05/2023;C0013;P0016;28;7727.50;0.1;5355.27;online;Confirmada
V00056;18/02/2024;C0017;P0032;21;64289.35;0.15;41511.75;Online;Confirmada
V01018;23/04/2023;C0045;P0028;9;144379.96;0.05;83697.81;Online;Confirmada
V00480;04/01/2023;C0026;P0010;5;26896.64;0;15802.18;SUCURSAL;Confirmada
V00925;26/12/2023;C0011;P0021;28;53290.09;0.15;30386.28;Mayorista;Confirmada
V00682;21/02/2024;C0032;P0035;15;95320.27;0.1;69092.63;Mayorista;Confirmada
V01083;22/10/2025;;P0035;5;102986.11;0.05;69092.63;Online;Confirmada
V00243;11/09/2024;C0021;P0031;8;148402.80;0;85075.28;Sucursal;Confirmada
V00586;14/04/2024;C0026;P0023;36;62324.74;0;40158.54;Online;Confirmada
V01158;15/08/2025;C0059;P0014;26;12898.54;0;7133.98;Sucursal;Confirmada
V00124;14/08/2023;C0031;P0010;8;25482.38;0.15;15802.18;Online;Confirmada
V00164;21/05/2025;C0054;P0031;40;136213.17;0;85075.28;Sucursal;Confirmada
V00146;16/11/2023;C0026;P0029;7;58846.05;0.1;35426.88;online;Confirmada
V01122;05/03/2024;C0025;P0030;29;146871.80;0;79943.46;Online;Confirmada
V00890;28/04/2025;C0038;P0029;;62265.85;0.15;35426.88;Sucursal;Confirmada
V00321;04/04/2023;C0044;P0037;23;26186.30;0;20637.97;SUCURSAL;Confirmada
V00111;11/11/2025;C0016;P0005;35;151392.57;0;76381.11;Online;Confirmada
V00349;19/09/2025;C0016;P0030;31;153505.32;0;79943.46;online;Confirmada
V00391;18/09/2025;C0009;P0031;26;137320.90;0.05;85075.28;Mayorista;Confirmada
V00696;25/02/2024;C0011;P0008;2;160260.40;0;87430.92;Sucursal;Confirmada
V00373;05/02/2024;C0052;P0036;15;14994.55;0;9624.01;Online;Confirmada
V00802;19/10/2025;;P0020;19;85852.95;0.05;45649.19;online;Confirmada
V00326;10/07/2023;C0050;P0021;27;54174.01;0;30386.28;Sucursal;Confirmada
V00272;21/07/2025;C0022;P0037;20;29165.03;0;20637.97;online;Confirmada
V00916;09/03/2023;C0018;P0022;;131721.86;0;77007.76;Sucursal;Confirmada
V00527;03/12/2024;C0052;P0021;13;48650.65;0.05;30386.28;Sucursal;Confirmada
V00482;21/03/2023;C0029;P0038;33;52523.16;0.05;30948.72;online;Confirmada
V00578;04/05/2023;C0023;P0038;35;49518.95;0.15;30948.72;SUCURSAL;Confirmada
V00801;28/03/2023;C0022;P0002;39;83170.19;0;45022.51;Mayorista;Confirmada
V00981;04/08/2025;C0018;P0018;1;39752.29;0.1;27465.62;online;Confirmada
V01061;27/12/2024;C0043;P0038;31;50772.84;0;30948.72;Mayorista;Confirmada
V00980;31/05/2025;C0028;P0015;33;106333.83;0;52751.77;online;Confirmada
V00130;01/08/2023;C0060;P0021;12;51013.31;0;30386.28;Sucursal;Confirmada
V00087;11/08/2024;C0031;P0007;21;26281.97;0;18589.68;Online;Confirmada
V00678;06/01/2024;C0049;P0020;27;85601.02;0.05;45649.19;Mayorista;Confirmada
V01179;24/11/2023;C0042;P0008;30;170016.46;0.15;87430.92;Sucursal;Confirmada
V00312;31/01/2025;C0060;P0033;36;148370.16;0.15;87592.08;online;Confirmada
V01011;15/01/2025;C0030;P0002;3;79837.38;0;45022.51;Mayorista;Confirmada
V01165;08/05/2023;C0018;P0024;30;78124.74;0.05;54866.45;online;Confirmada
V00775;07/01/2024;C0046;P0031;33;140859.74;0.05;85075.28;SUCURSAL;Confirmada
V00484;18/10/2023;C0053;P0023;21;63234.74;0.1;40158.54;Online;Confirmada
V00900;05/03/2023;C0007;P0040;15;79174.92;0;59058.47;Online;Confirmada
V00227;30/11/2023;C0007;P0002;32;83773.52;0.15;45022.51;online;Confirmada
V01000;08/02/2025;C0033;P0039;31;35935.44;0.1;20257.15;Online;Confirmada
V00786;04/06/2024;C0046;P0006;30;138300.54;0;82826.49;Online;Confirmada
V00491;14/07/2024;C0002;P0037;13;29538.39;0;20637.97;SUCURSAL;Confirmada
V00468;07/08/2025;C0023;P0020;11;82286.01;0.05;45649.19;online;Confirmada
V00384;17/11/2024;C0045;P0012;31;96782.86;0.1;62788.01;Mayorista;Confirmada
V00706;10/05/2023;C0030;P0014;24;12529.23;0.1;7133.98;Online;Confirmada
V00675;08/05/2025;C0031;P0023;33;64461.11;0;40158.54;Sucursal;Confirmada
V00295;19/09/2024;C0034;P0022;11;123788.55;0;77007.76;Sucursal;Confirmada
V00609;30/09/2025;C0026;P0017;20;33700.79;0;21329.37;SUCURSAL;Confirmada
V00386;03/11/2023;C0051;P0025;22;77887.93;0.15;39839.56;SUCURSAL;Confirmada
V00421;01/09/2024;C0042;P0020;11;82834.14;0;45649.19;SUCURSAL;Confirmada
V00603;12/12/2023;C0019;P0021;13;52351.26;0;30386.28;SUCURSAL;Confirmada
V00960;17/04/2024;C0017;P0018;21;34660.62;0.1;27465.62;online;Confirmada
V00435;17/05/2025;C0018;P0006;32;150961.15;0.05;82826.49;Online;Confirmada
V00951;24/06/2025;C0013;P0022;34;141160.52;0;77007.76;SUCURSAL;Confirmada
V01196;03/07/2024;C0029;P0030;39;142163.48;0;79943.46;online;Confirmada
V00215;11/06/2025;C0027;P0012;38;100644.34;0.05;62788.01;Online;Confirmada
V00191;27/06/2023;C0051;P0019;20;43529.03;0;24035.97;Mayorista;Confirmada
V00211;28/09/2024;C0010;P0009;18;41642.73;0;24765.50;online;Confirmada
V00549;08/11/2025;C0051;P0010;1;25390.77;0.05;15802.18;Online;Confirmada
V01015;08/01/2025;C0020;P0019;38;44282.73;0;24035.97;online;Confirmada
V00927;21/04/2023;C0026;P0005;7;151997.97;0;76381.11;Sucursal;Confirmada
V00358;16/02/2025;C0001;P0030;35;146429.61;0.15;79943.46;Sucursal;Confirmada
V00985;18/03/2023;C0039;P0033;35;166308.50;0.05;87592.08;SUCURSAL;Confirmada
V00393;17/02/2025;C0048;P0020;16;78756.36;0.15;45649.19;online;Confirmada
V00554;16/12/2025;C0003;P0025;27;73016.76;0.05;39839.56;Mayorista;Confirmada
V00473;30/05/2025;C0021;P0003;6;92555.04;0;59237.27;Online;Confirmada
V00274;24/04/2025;C0036;P0004;19;84895.66;0.05;45750.64;Mayorista;Confirmada
V00070;24/02/2023;C0038;P0026;12;100295.06;0.1;75912.18;Mayorista;Confirmada
V00897;09/03/2023;C0055;P0039;11;36458.92;0;20257.15;SUCURSAL;Confirmada
V01075;31/10/2024;C0028;P0019;28;43649.94;0;24035.97;SUCURSAL;Confirmada
V00765;04/09/2023;C0045;P0004;11;81107.49;0.15;45750.64;Online;Confirmada
V00270;19/04/2023;C0053;P0040;13;78935.64;0;59058.47;SUCURSAL;Confirmada
V00133;24/11/2024;C0040;P0017;13;36283.88;0.15;21329.37;Online;Confirmada
V00576;06/04/2025;C0010;P0014;3;13534.43;0;7133.98;Sucursal;Confirmada
V00119;09/09/2025;C0015;P0029;33;60297.58;0;35426.88;Online;Confirmada
V00472;06/02/2025;C0045;P0007;25;28111.92;0.15;18589.68;online;Confirmada
V00607;23/03/2025;C0010;P0018;1;35289.65;0.1;27465.62;SUCURSAL;Confirmada
V00763;23/11/2024;C0043;P0005;27;141821.75;0.15;76381.11;Sucursal;Confirmada
V00724;10/12/2025;C0010;P0033;30;169162.97;0;87592.08;SUCURSAL;Confirmada
V00898;26/04/2025;C0045;P0004;11;78575.00;0.1;45750.64;online;Confirmada
V00627;21/07/2023;C0021;P0002;28;84596.63;0.05;45022.51;SUCURSAL;Confirmada
V00571;30/09/2024;C0019;P0029;12;66331.02;0;35426.88;Sucursal;Confirmada
V00647;06/03/2024;C0008;P0032;9;60112.31;0;41511.75;Sucursal;Confirmada
V00147;15/11/2025;C0015;P0014;40;12207.94;0.05;7133.98;Mayorista;Confirmada
V00850;20/10/2024;C0051;P0012;36;99139.03;0;62788.01;Mayorista;Confirmada
V00809;16/06/2025;C0006;P0027;39;121477.68;0;61799.54;online;Confirmada
V01006;26/06/2024;C0002;P0032;37;61692.65;0;41511.75;online;Confirmada
V00753;14/08/2023;C0053;P0031;32;144490.55;0;85075.28;Mayorista;Confirmada
V00240;26/12/2025;C0044;P0021;11;53764.71;0.15;30386.28;Online;Confirmada
V01069;25/07/2025;C0051;P0039;27;35532.54;0.1;20257.15;Online;Confirmada
V00614;27/09/2025;C0025;P0008;26;154617.58;0.1;87430.92;online;Anulada
V00630;15/01/2024;C0005;P0014;25;13490.83;0.1;7133.98;Online;Confirmada
V01106;11/03/2025;C0004;P0025;32;68255.68;0;39839.56;SUCURSAL;Confirmada
V00874;29/09/2025;C0029;P0031;28;132470.98;0.1;85075.28;Online;Confirmada
V00100;17/03/2023;C0012;P0006;23;147281.48;0.1;82826.49;Mayorista;Confirmada
V00467;14/02/2024;C0045;P0017;2;36061.92;0;21329.37;online;Confirmada
V00570;16/06/2025;C0012;P0017;25;33813.39;0.1;21329.37;Mayorista;Confirmada
V01089;18/12/2023;C0027;P0020;15;79502.57;0.1;45649.19;Online;Confirmada
V00740;01/01/2023;C0058;P0014;12;13202.40;0;7133.98;Online;Confirmada
V00631;22/01/2023;C0005;P0040;40;90397.12;0;59058.47;Online;Confirmada
V00445;16/06/2024;C0060;P0024;10;86946.32;0.1;54866.45;online;Confirmada
V00436;14/09/2024;C0055;P0013;34;39838.94;0;26313.27;Online;Confirmada
V00232;21/03/2023;C0048;P0008;25;147548.15;0.15;87430.92;SUCURSAL;Confirmada
V00099;16/02/2023;C0003;P0015;35;98501.14;0;52751.77;Online;Confirmada
V00179;30/12/2025;C0059;P0008;19;156672.27;0;87430.92;Mayorista;Confirmada
V00828;21/10/2023;C0002;P0027;3;125443.28;0;61799.54;Mayorista;Confirmada
V00974;06/09/2023;C0023;P0007;15;29902.46;0.1;18589.68;Sucursal;Confirmada
V00364;24/08/2024;C0041;P0031;4;149499.24;0;85075.28;Mayorista;Anulada
V01066;12/09/2023;;P0035;17;98550.22;0.15;69092.63;online;Confirmada
V01183;27/09/2025;C0002;P0032;30;62250.09;0;41511.75;Sucursal;Confirmada
V00137;12/04/2023;C0049;P0025;11;72753.90;0.05;39839.56;Mayorista;Confirmada
V01062;25/10/2025;C0025;P0029;20;60753.90;0;35426.88;Sucursal;Confirmada
V00670;04/03/2023;C0016;P0005;23;143866.02;0;76381.11;SUCURSAL;Confirmada
V00926;28/03/2024;C0032;P0020;9;79250.37;0.15;45649.19;Online;Confirmada
V00336;17/02/2025;C0029;P0012;18;93993.57;0;62788.01;Sucursal;Confirmada
V00207;08/07/2024;C0018;P0027;5;115183.69;0;61799.54;Mayorista;Confirmada
V00835;13/02/2024;C0046;P0006;36;137476.01;0.1;82826.49;online;Confirmada
V00399;20/08/2023;C0054;P0040;5;79533.71;0.1;59058.47;SUCURSAL;Confirmada
V00203;08/01/2024;C0013;P0014;15;12209.52;0.1;7133.98;Mayorista;Confirmada
V01022;12/03/2024;C0044;P0021;;55039.71;0.05;30386.28;Online;Confirmada
V00151;01/07/2023;C0024;P0017;34;33969.59;0;21329.37;Sucursal;Confirmada
V00366;12/09/2025;C0031;P0010;26;26003.45;0;15802.18;Mayorista;Confirmada
V00735;23/10/2024;C0045;P0018;37;34833.06;0.1;27465.62;Sucursal;Confirmada
V00918;27/03/2024;C0057;P0017;5;36028.07;0;21329.37;Sucursal;Confirmada
V00104;21/12/2023;C0029;P0011;33;75869.71;0;42100.64;Sucursal;Confirmada
V01144;05/01/2023;C0041;P0028;39;131963.60;0;83697.81;SUCURSAL;Confirmada
V00170;21/08/2023;C0046;P0039;40;34024.84;0;20257.15;Mayorista;Confirmada
V00281;13/12/2024;C0011;P0004;26;74835.66;0;45750.64;Sucursal;Confirmada
V00372;08/04/2025;C0044;P0040;;80508.66;0.1;59058.47;SUCURSAL;Confirmada
V00557;28/03/2025;C0013;P0039;33;37655.01;0.05;20257.15;Sucursal;Confirmada
V01134;28/12/2023;C0019;P0036;40;13743.62;0.05;9624.01;Sucursal;Confirmada
V00369;15/12/2025;C0046;P0008;40;156758.24;0.05;87430.92;online;Confirmada
V01033;24/06/2024;C0056;P0011;8;72757.93;0.05;42100.64;Sucursal;Confirmada
V00257;31/12/2024;C0012;P0040;25;88550.68;0.15;59058.47;online;Confirmada
V00345;13/11/2023;C0034;P0040;19;90605.43;0.1;59058.47;Sucursal;Confirmada
V00950;18/02/2024;C0011;P0012;30;88573.33;0;62788.01;SUCURSAL;Confirmada
V00021;01/11/2023;;P0023;37;64716.52;0;40158.54;Sucursal;Confirmada
V00931;08/11/2023;C0020;P0022;28;139817.16;0;77007.76;Sucursal;Confirmada
V00656;07/03/2025;C0047;P0008;3;158712.84;0;87430.92;Mayorista;Confirmada
V00901;21/09/2023;C0022;P0021;19;54515.93;0.05;30386.28;Sucursal;Confirmada
V00073;19/12/2024;C0036;P0039;27;38138.36;0.15;20257.15;Sucursal;Confirmada
V01091;23/03/2023;C0045;P0017;34;33594.33;0;21329.37;online;Confirmada
V00042;11/10/2024;C0020;P0019;31;44355.52;0;24035.97;Mayorista;Confirmada
V00866;02/02/2023;C0048;P0015;1;99010.96;0;52751.77;online;Confirmada
V00411;01/03/2025;C0032;P0020;9;83444.18;0.15;45649.19;SUCURSAL;Confirmada
V01098;19/03/2023;C0011;P0015;38;105372.83;0.1;52751.77;Online;Confirmada
V00237;16/01/2024;C0019;P0030;30;155060.44;0.1;79943.46;Online;Confirmada
V01009;05/12/2024;C0040;P0008;16;159111.00;0;87430.92;Sucursal;Confirmada
V00864;13/04/2023;C0022;P0010;38;26717.28;0;15802.18;SUCURSAL;Confirmada
V00649;25/09/2025;C0042;P0040;5;89875.13;0.1;59058.47;Online;Confirmada
V00757;26/10/2025;C0041;P0009;3;43329.40;0;24765.50;Sucursal;Confirmada
V01194;09/10/2023;C0040;P0006;37;143637.76;0.05;82826.49;Mayorista;Confirmada
V00822;02/10/2023;C0051;P0003;22;87500.33;0;59237.27;Sucursal;Confirmada
V01050;29/04/2024;C0007;P0034;13;130510.43;0.05;73820.76;Sucursal;Confirmada
V00896;24/09/2024;C0006;P0029;26;66147.56;0;35426.88;online;Confirmada
V00011;02/01/2023;C0007;P0026;4;101302.45;0.15;75912.18;Sucursal;Confirmada
V00641;19/05/2024;C0026;P0037;39;26205.64;0.15;20637.97;Sucursal;Confirmada
V00739;23/05/2025;C0026;P0032;9;65774.35;0.05;41511.75;online;Confirmada
V00855;16/03/2025;C0006;P0029;21;67068.72;0;35426.88;online;Confirmada
V00010;04/04/2025;C0022;P0021;25;48099.89;0;30386.28;online;Confirmada
V00712;23/11/2024;C0052;P0005;37;141378.93;0;76381.11;SUCURSAL;Confirmada
V00351;27/03/2024;C0058;P0013;34;34897.76;0.15;26313.27;SUCURSAL;Confirmada
V00415;26/05/2024;C0029;P0001;36;135052.01;0;88805.39;online;Confirmada
V00105;27/07/2023;C0010;P0017;28;32471.22;0.15;21329.37;Mayorista;Confirmada
V00330;06/08/2023;C0043;P0024;30;89469.92;0.05;54866.45;Mayorista;Confirmada
V00245;18/01/2024;C0013;P0031;22;147674.18;0;85075.28;Mayorista;Confirmada
V01089;18/12/2023;C0027;P0020;15;79502.57;0.1;45649.19;Online;Confirmada
V00332;20/07/2023;C0021;P0022;24;133408.13;0;77007.76;online;Confirmada
V00723;21/02/2025;C0008;P0015;32;104297.42;0;52751.77;Sucursal;Confirmada
V00150;10/11/2025;C0052;P0030;5;151433.95;0;79943.46;online;Confirmada
V00966;05/02/2025;C0033;P0031;7;135572.75;0.05;85075.28;Mayorista;Confirmada
V00792;09/03/2025;C0049;P0011;37;76923.94;0;42100.64;Mayorista;Confirmada
V00310;09/02/2025;C0007;P0008;35;169014.64;0.15;87430.92;Online;Confirmada
V00121;07/07/2025;C0020;P0031;16;134542.00;0;85075.28;Online;Confirmada
V01161;10/05/2024;C0003;P0029;36;62430.09;0;35426.88;SUCURSAL;Confirmada
V00378;28/07/2025;C0022;P0038;1;56247.36;0.1;30948.72;Mayorista;Confirmada
V00598;08/10/2023;C0050;P0004;28;76705.89;0;45750.64;SUCURSAL;Confirmada
V00641;19/05/2024;C0026;P0037;39;26205.64;0.15;20637.97;Sucursal;Confirmada
V00582;04/11/2023;C0017;P0021;19;51643.26;0;30386.28;online;Confirmada
V00479;19/11/2023;C0026;P0009;17;38874.51;0.1;24765.50;Mayorista;Confirmada
V00094;24/02/2023;C0024;P0030;10;141113.41;0;79943.46;SUCURSAL;Confirmada
V00638;04/11/2025;C0031;P0017;8;36310.82;0;21329.37;Mayorista;Confirmada
V00904;11/08/2023;C0028;P0014;22;13918.28;0;7133.98;Sucursal;Confirmada
V00324;23/03/2024;C0015;P0032;28;62287.88;0;41511.75;Online;Confirmada
V00131;08/08/2025;C0005;P0024;23;87916.85;0.15;54866.45;Mayorista;Confirmada
V00427;11/12/2025;C0015;P0039;12;33939.86;0;20257.15;Sucursal;Confirmada
V00907;28/07/2025;C0055;P0035;27;93264.63;0.15;69092.63;Mayorista;Confirmada
V00537;16/01/2023;C0014;P0039;11;35555.33;0;20257.15;SUCURSAL;Confirmada
V00249;05/10/2024;C0003;P0017;18;36009.08;0.1;21329.37;Sucursal;Confirmada
V00999;20/06/2024;C0013;P0016;37;7449.36;0.1;5355.27;online;Confirmada
V00300;09/03/2023;C0060;P0002;9;80359.21;0.15;45022.51;Mayorista;Confirmada
V01200;29/07/2024;C0007;P0036;13;15155.58;0.15;9624.01;Sucursal;Confirmada
V00291;12/07/2025;C0003;P0017;26;35103.75;0.15;21329.37;online;Confirmada
V01193;30/05/2024;C0035;P0026;37;116171.82;0;75912.18;Online;Confirmada
V00574;28/10/2024;C0030;P0033;36;162399.85;0;87592.08;SUCURSAL;Confirmada
V01115;19/12/2024;C0023;P0036;34;15155.05;0.1;9624.01;SUCURSAL;Confirmada
V00872;30/03/2025;C0045;P0004;15;85619.71;0;45750.64;online;Confirmada
V00651;16/04/2023;C0015;P0007;40;29675.78;0.05;18589.68;Mayorista;Confirmada
V00943;03/05/2025;C0051;P0022;17;132235.00;0;77007.76;online;Confirmada
V00808;07/03/2025;C0016;P0003;34;94550.49;0;59237.27;Mayorista;Confirmada
V00470;29/12/2023;C0018;P0032;24;60184.77;0;41511.75;online;Confirmada
V00110;27/10/2023;C0001;P0021;6;54514.28;0.1;30386.28;Sucursal;Confirmada
V00396;17/05/2023;C0038;P0032;22;67027.52;0;41511.75;Mayorista;Confirmada
V00532;01/01/2024;C0026;P0014;12;13455.34;0.05;7133.98;Online;Confirmada
V00754;06/11/2023;C0021;P0029;40;62424.03;0;35426.88;Online;Confirmada
V00127;31/01/2023;C0022;P0037;19;26293.40;0.15;20637.97;Sucursal;Confirmada
